timestamp,x,y,phi,v,w
1783356961.5735965,-1.2477296035167045,0.7540812328863356,-1.5552036732051038,0.0,0.0
1783356961.6746848,-1.2477296035167045,0.7540812328863356,-1.5552036732051038,0.0,0.0
1783356961.7759373,-1.2477296035167045,0.7540812328863356,-1.5552036732051038,0.0,0.0
1783356961.875332,-1.2477296035167045,0.7540812328863356,-1.5552036732051038,0.0,0.0
1783356961.975976,-1.2477296035167045,0.7540812328863356,-1.5552036732051038,0.0,0.0
1783356962.076408,-1.2477296035167045,0.7540812328863356,-1.5552036732051038,0.0,0.0
1783356962.176945,-1.2477296035167045,0.7540812328863356,-1.5552036732051038,0.0,0.0
1783356962.2785022,-1.2477296035167045,0.7540812328863356,-1.5550036732051036,0.0,0.0
1783356962.3781767,-1.2477296035167045,0.7540812328863356,-1.5550036732051036,0.0,0.0
1783356962.4789803,-1.2477296035167045,0.7540812328863356,-1.5550036732051036,0.0,0.0
1783356962.579304,-1.2477296035167045,0.7540812328863356,-1.5550036732051036,0.0,0.0
1783356962.6809378,-1.2477296035167045,0.7540812328863356,-1.5550036732051036,0.0,0.0
1783356962.7818902,-1.2477296035167045,0.7540812328863356,-1.5552036732051038,0.0,0.0
1783356962.881004,-1.247728883155614,0.7541812302917015,-1.5552036732051038,0.0,0.0
1783356962.982542,-1.2477274424334337,0.7543812251024331,-1.5539036732051035,0.0,0.0
1783356963.0827715,-1.2477310442388847,0.7538812380756039,-1.5516036732051035,0.0,0.0
1783356963.1829865,-1.247725281350163,0.7546812173185307,-1.5541036732051035,0.0,0.0
1783356963.2836704,-1.2477260017112533,0.7545812199131647,-1.5402036732051034,0.0,0.385
1783356963.3841963,-1.2477274424334337,0.7543812251024331,-1.5134036732051035,0.0289,0.5782
1783356963.485727,-1.2465304877995764,0.7400722314409456,-1.4811036732051035,0.0287,-0.1924
1783356963.5854275,-1.2444962279322742,0.7170569802628185,-1.4882036732051036,0.2883,0.0024
1783356963.6860812,-1.2419729192406677,0.678637806491811,-1.5164036732051038,0.4612,-0.3814
1783356963.7866695,-1.2396057961194629,0.6324195554633585,-1.5191036732051038,0.4613,0.0038
1783356963.8872006,-1.236667503009671,0.5821970860537312,-1.5068036732051036,0.5766,0.0048
1783356963.9885612,-1.2330897383938952,0.5235697920657421,-1.5134036732051035,0.6919,0.0058
1783356964.088267,-1.2294739274265107,0.4563420008552007,-1.5171036732051035,0.6919,0.0058
1783356964.1890197,-1.2251164864645057,0.3810086569213049,-1.5118036732051034,0.8073,0.0068
1783356964.289373,-1.220224613929514,0.2965712269325766,-1.5134036732051035,0.8649,0.0073
1783356964.3901088,-1.214591111399902,0.2040282442204939,-1.5074036732051037,0.9226,0.0077
1783356964.4934134,-1.2080914891932366,0.1067789002064047,-1.4996036732051035,1.0091,-0.1841
1783356964.5910802,-1.2003257576880548,0.0048203134459487,-1.4910036732051035,1.0379,0.0087
1783356964.6918366,-1.191765089467578,-0.0978440180407894,-1.4869036732051035,1.0379,0.0087
1783356964.7927256,-1.1831109070915469,-0.2014090465369108,-1.4886036732051036,1.0379,0.0087
1783356964.8934891,-1.1747451911541702,-0.3033719554639078,-1.4869036732051035,1.0091,-0.1841
1783356964.995192,-1.1672843616065454,-0.3921280032717124,-1.4906036732051038,0.8361,-0.1856
1783356965.094447,-1.1620211811075265,-0.4666678512124935,-1.5112036732051035,0.6631,-0.187
1783356965.1950843,-1.1599626945355013,-0.5140839100220657,-1.5456036732051035,0.3747,-0.5748
1783356965.2955518,-1.1597420748254978,-0.53898614540252,-1.5720036732051033,0.2018,0.1943
1783356965.3961103,-1.1595357295511264,-0.5519879691833494,-1.5266036732051036,0.1442,0.5792
1783356965.4975932,-1.1588092271394004,-0.5621934674193864,-1.4682036732051038,0.1154,0.3863
1783356965.597332,-1.157583458061935,-0.5725025648662404,-1.4509036732051035,0.0864,-0.1919
1783356965.6979997,-1.1563555279011992,-0.5825116700969968,-1.4406036732051035,0.1154,0.3863
1783356965.798867,-1.1549312047351827,-0.5930222030767629,-1.4404036732051035,0.0865,0.1934
1783356965.8993976,-1.1536061586134418,-0.6034320182900729,-1.4403036732051036,0.1153,0.0009
1783356966.001505,-1.152181115086335,-0.6138425538644731,-1.4344036732051033,0.1442,0.1938
1783356966.1001697,-1.1508488653536924,-0.6232523950241247,-1.4181036732051036,0.0576,0.0004
1783356966.2021697,-1.1492231066547636,-0.6335643739153394,-1.4086036732051035,0.1153,0.0009
1783356966.3026114,-1.147495909828289,-0.6436770783569126,-1.4008036732051035,0.1153,0.0009
1783356966.4016836,-1.1458593457130073,-0.6524890961676397,-1.3894036732051034,0.0288,0.1929
1783356966.502484,-1.145670156318629,-0.6539904979703076,-1.3880036732051035,0.0288,0.1929
1783356966.6035955,-1.1456694359575383,-0.6538905005649419,-1.3811036732051036,0.0,0.0
1783356966.7032084,-1.1458600660740974,-0.6525890935730054,-1.3820036732051035,-0.0289,-0.5782
1783356966.8042357,-1.1457651111963632,-0.6532897957716566,-1.4924036732051036,-0.0002,-1.5413
1783356966.904394,-1.145873032573721,-0.6543890468695905,-1.6061036732051035,0.0575,-0.7701
1783356967.0075138,-1.1462220093439524,-0.6611867093511968,-1.6361036732051033,0.1153,0.0009
1783356967.1062737,-1.1471350852780404,-0.6768805391049119,-1.6130036732051036,0.173,0.3868
1783356967.2063327,-1.1473719512905445,-0.6958793257633311,-1.5680036732051037,0.173,0.3868
1783356967.3070552,-1.147208827681585,-0.7148809938661107,-1.5568036732051038,0.2017,-0.1909
1783356967.4070826,-1.1469507491948912,-0.7345833641675417,-1.5640036732051033,0.1729,0.0014
1783356967.5082774,-1.1468933858800194,-0.754384291152158,-1.5681036732051037,0.1729,0.0014
1783356967.6088629,-1.1468360225651475,-0.7741852181367742,-1.5683036732051034,0.2017,-0.1909
1783356967.7088969,-1.1468815381000022,-0.7943854143817639,-1.5720036732051033,0.2018,0.1943
1783356967.8098147,-1.1469270536348568,-0.8145856106267533,-1.5722036732051035,0.2018,0.1943
1783356967.9100585,-1.146971128447531,-0.8345858120610109,-1.5763036732051035,0.2017,-0.1909
1783356968.0105915,-1.1471130395823006,-0.854285300918081,-1.5792036732051036,0.1729,0.0014
1783356968.1111672,-1.1470649081754292,-0.8614858344655116,-1.5427036732051036,-0.0287,0.1924
1783356968.211823,-1.1470663488976096,-0.8616858292762433,-1.5427036732051036,0.0,0.0
1783356968.3122418,-1.14706778961979,-0.8618858240869751,-1.5425036732051038,0.0,0.0
1783356968.4126976,-1.147064187814339,-0.8613858370601459,-1.5406036732051036,0.0,0.0
1783356968.5142124,-1.1470634674532487,-0.86128583965478,-1.5396036732051035,0.0,0.0
1783356968.6141398,-1.1470656285365193,-0.8615858318708776,-1.5437036732051035,0.0287,-0.1924
1783356968.7158582,-1.1472705330887103,-0.8483840132793163,-1.5594036732051035,-0.0288,-0.1929
1783356968.8163233,-1.147315650265049,-0.8268831304034807,-1.5775036732051038,-0.2884,-0.3877
1783356968.915993,-1.1470692867722003,-0.7926840177683643,-1.5745036732051034,-0.3747,0.1895
1783356969.0174072,-1.1474106615730133,-0.756780627075487,-1.5482036732051032,-0.3171,0.1899
1783356969.1184893,-1.1485498545334825,-0.720571481277791,-1.5354036732051035,-0.3459,-0.0029
1783356969.2180612,-1.1496459586147114,-0.6922628508650863,-1.5272036732051033,-0.2018,-0.1943
1783356969.3188746,-1.1504263553220309,-0.6756567983245454,-1.5275036732051037,-0.0865,-0.1934
1783356969.4193697,-1.1509456593121234,-0.6644527667570301,-1.5272036732051033,-0.0864,0.1919
1783356969.519743,-1.1513635251746697,-0.6530494607398736,-1.5260036732051032,-0.1153,-0.0009
1783356969.6206868,-1.1515404684305148,-0.6498481030459864,-1.5279036732051035,0.0865,0.1934
1783356969.72024,-1.1515433498748755,-0.6502480926674499,-1.5304036732051036,0.0288,0.1929
1783356969.8238964,-1.1515469516803267,-0.6507480796942788,-1.5279036732051035,0.0,0.0
1783356969.923028,-1.1514527171636824,-0.651548779298296,-1.5391036732051036,-0.0001,-0.7706
1783356970.0219743,-1.151458480052404,-0.6523487585412225,-1.6508036732051032,-0.029,-1.3489
1783356970.1230328,-1.1514563189691334,-0.6520487663251252,-1.7886036732051038,-0.0002,-1.5413
1783356970.2231362,-1.1514563189691334,-0.6520487663251252,-1.9277036732051034,-0.0002,-1.156
1783356970.324901,-1.1513548808415872,-0.6518494918754836,-2.0653036732051033,-0.0002,-1.156
1783356970.4242551,-1.1511527249475848,-0.6515509403815666,-2.2082036732051034,-0.0002,-1.5413
1783356970.524847,-1.1511527249475848,-0.6515509403815666,-2.3510036732051036,0.0285,-1.3484
1783356970.6268306,-1.1511520045864947,-0.6514509429762007,-2.494103673205103,-0.0002,-1.5413
1783356970.7261798,-1.1511520045864947,-0.6514509429762007,-2.6385036732051033,-0.029,-1.3489
1783356970.8274305,-1.1512527223529507,-0.6515502200204764,-2.784503673205103,-0.029,-1.3489
1783356970.9275548,-1.1514527171636824,-0.651548779298296,-2.9303036732051035,-0.029,-1.3489
1783356971.028257,-1.1515527145690485,-0.6515480589372058,-3.0725036732051034,-0.029,-1.3489
1783356971.1281986,-1.1518527067851458,-0.6515458978539352,3.1222963267948964,0.0,-0.3853
1783356971.2298107,-1.1635509624907685,-0.6512616207956501,3.1171963267948968,0.1154,0.3863
1783356971.329994,-1.1806505188083267,-0.6511384390492257,3.1403816339744823,0.2018,0.1943
1783356971.4304028,-1.2017514120626989,-0.651186437669925,-3.134003673205103,0.1729,0.0014
1783356971.531123,-1.2209530749762103,-0.6513481205567039,-3.135503673205103,0.2018,0.1943
1783356971.6318765,-1.2396540305018025,-0.6514134078435682,-3.1408036732051032,0.2017,-0.1909
1783356971.7313085,-1.2583542656663045,-0.6513786977250663,3.138181633974483,0.2017,-0.1909
1783356971.832911,-1.276654511209343,-0.6513468690509255,-3.1414036732051036,0.1729,0.0014
1783356971.9349186,-1.2951547515631132,-0.6513135996546041,3.1357816339744824,0.2018,0.1943
1783356972.033297,-1.3142542559879882,-0.6511760106863758,3.1360816339744826,0.2306,0.0019
1783356972.1348348,-1.3333544807739537,-0.6511384191235133,3.140881633974483,0.173,0.3868
1783356972.235686,-1.352554702965285,-0.6511001071995606,3.139281633974483,0.1729,0.0014
1783356972.334605,-1.3720549173727132,-0.6510596341923374,3.1386816339744827,0.2017,-0.1909
1783356972.4360723,-1.3915544114190517,-0.6509191637797481,3.1384816339744823,0.2018,0.1943
1783356972.5366893,-1.4113546180425778,-0.6508765296892541,3.1376816339744824,0.2017,-0.1909
1783356972.636095,-1.4311548246661037,-0.6508338955987604,3.1387816339744825,0.2018,0.1943
1783356972.7366042,-1.4489550831823133,-0.6508056687300705,-3.1380036732051035,0.0,0.0
1783356972.8376334,-1.4520557231097444,-0.65088333494164,-3.111603673205104,0.0,0.0
1783356972.9387012,-1.452255717920476,-0.6508818942194596,-3.1122036732051033,0.0,0.0
1783356973.037985,-1.451555015721825,-0.6507869393417253,-3.1091036732051034,-0.0287,0.1924
1783356973.138697,-1.4512550235057275,-0.6507891004249959,-3.1101036732051037,-0.0288,-0.1929
1783356973.2390468,-1.4507550364788984,-0.6507927022304469,-3.1126036732051032,0.0,0.0
1783356973.3406527,-1.4505550416681667,-0.6507941429526273,-3.1236036732051033,-0.0576,-0.0004
1783356973.4401383,-1.4387546274739074,-0.6507791481559051,3.132796326794897,-0.1154,-0.3863
1783356973.540654,-1.4154581134680282,-0.6513469819113853,3.1005963267948964,-0.3172,-0.1953
1783356973.6420684,-1.381268365527084,-0.6528933116739897,3.098796326794896,-0.3459,0.3824
1783356973.741801,-1.341074451097649,-0.6538828786698114,3.1336963267948965,-0.4612,0.3814
1783356973.8427136,-1.2940677466037127,-0.6531214769231815,-3.107403673205104,-0.4612,0.3814
1783356973.9432316,-1.2475523848035233,-0.6511565045067105,-3.096603673205103,-0.4613,-0.0038
1783356974.0447202,-1.209040417238052,-0.6496338902298526,-3.1117036732051035,-0.4036,-0.0034
1783356974.144044,-1.1857366996212706,-0.6492017499316745,-3.132903673205104,-0.1153,-0.0009
1783356974.244738,-1.1744355520927503,-0.6490831559241356,-3.124903673205104,-0.1153,-0.0009
1783356974.3466127,-1.1624329820044892,-0.6487696096334962,-3.1170036732051036,-0.1153,-0.0009
1783356974.4456215,-1.1512311115202447,-0.648550297859501,-3.1136036732051036,-0.1153,-0.0009
1783356974.5461469,-1.1495304352679354,-0.6484625465926688,-3.111503673205103,-0.0288,-0.1929
1783356974.6469345,-1.150330414510862,-0.6484567837039472,-3.1140036732051035,0.0,0.0
1783356974.747132,-1.149730430078667,-0.6484611058704883,-3.116103673205104,-0.0288,-0.1929
1783356974.848137,-1.150430411916228,-0.648456063342857,-3.116103673205104,0.0,0.0
1783356974.9480426,-1.1520310907631717,-0.6485445349707795,-3.0783036732051032,0.0002,1.156
1783356975.0485148,-1.1512296707980645,-0.6483503030487694,-2.878703673205104,0.0005,2.6973
1783356975.1490092,-1.1512303911591546,-0.6484503004541353,-2.566603673205104,0.0006,3.468
1783356975.249545,-1.151431826692067,-0.6486488545426866,-2.191603673205104,0.0008,4.2387
1783356975.350472,-1.1515332648196128,-0.648848128992328,-1.7439036732051034,0.0297,4.8169
1783356975.4511087,-1.1515354259028836,-0.6491481212084256,-1.2113036732051032,0.001,5.7801
1783356975.5525353,-1.1514375895807882,-0.6494488337856134,-0.6877036732051035,0.0008,4.2387
1783356975.6524694,-1.1521346899739882,-0.6490438016365184,-0.3551036732051034,-0.0284,2.1191
1783356975.7525115,-1.1528332310893687,-0.6488387642981555,-0.24570367320510342,0.0,0.385
1783356975.8530416,-1.153232500349742,-0.6487358854484286,-0.23700367320510346,-0.0287,0.1924
1783356975.954216,-1.1525339592343615,-0.6489409227867917,-0.22800367320510337,-0.0287,0.1924
1783356976.053927,-1.1534324951604735,-0.6487344447262483,-0.21060367320510345,0.0,0.0
1783356976.1544747,-1.1528332310893687,-0.6488387642981555,-0.18060367320510354,0.0,0.0
1783356976.255685,-1.1525339592343615,-0.6489409227867917,-0.1438036732051035,0.0288,0.1929
1783356976.355402,-1.152633236278637,-0.6488402050203358,-0.10210367320510333,0.0289,0.5782
1783356976.4558976,-1.1524339618289956,-0.6489416431478819,-0.05940367320510334,0.0,0.385
1783356976.5563288,-1.1527339540450932,-0.6489394820646113,-0.01620367320510343,0.0,0.385
1783356976.6575503,-1.147633366010345,-0.6488762230748458,0.00429632679489646,0.1152,-0.3843
1783356976.7575395,-1.1288360148848384,-0.6493116431759012,-0.04380367320510337,0.2305,-0.3833
1783356976.8579087,-1.0993483060793592,-0.6511241081833636,-0.06570367320510341,0.3172,0.1953
1783356976.9584997,-1.061160102645962,-0.652899247200308,-0.02530367320510332,0.4614,0.7745
1783356977.0585773,-1.0143591558514795,-0.6529363839744244,0.010496326794896392,0.5189,0.0043
1783356977.1591094,-0.9605533481537566,-0.6523239641872939,0.010196326794896366,0.5477,-0.188
1783356977.2598083,-0.898048486550296,-0.6518742132203769,0.0056963267948964835,0.6631,0.1982
1783356977.3608596,-0.9026418839473128,-0.6509410999619352,0.005296326794896358,0.7496,0.0063
1783356977.4606571,-0.7447373365415721,-0.650878581258972,0.006996326794896359,0.8649,0.0073
1783356977.5613115,-0.6559302758825354,-0.6502182956373144,0.006996326794896359,0.9226,0.0077
1783356977.6622849,-0.5612240886680044,-0.6497005087253445,0.0028963267948964593,0.9514,-0.1846
1783356977.7622037,-0.4637222962697711,-0.649802876356095,-0.0030036732051034903,1.0379,0.0087
1783356977.8627567,-0.3614199080528875,-0.6498398239138096,0.0036963267948963733,1.0668,0.2016
1783356977.9634364,-0.2585124928761774,-0.6491811118005042,0.007596326794896367,1.0379,0.0087
1783356978.0640123,-0.1556036369772869,-0.6483224048764675,0.008696326794896457,1.0956,0.0092
1783356978.164419,-0.0528940555280378,-0.6473622598248845,0.008396326794896361,1.0091,-0.1841
1783356978.265512,0.048813390784282,-0.6466949033784967,0.004196326794896386,1.0379,0.0087
1783356978.36801,0.1511186604455266,-0.6463318613147477,0.0029963267948963763,1.0667,-0.1836
1783356978.4659965,0.251922528304103,-0.6461580086453776,0.0008963267948964036,1.0091,0.2011
1783356978.5665517,0.3540256420713454,-0.6460935180755458,0.0013963267948963545,1.0091,0.2011
1783356978.6674972,0.4555280510453023,-0.6461247027445387,-0.002203673205103441,1.0091,0.2011
1783356978.768108,0.5571282963413545,-0.6464565999907191,-0.0034036732051033465,1.0379,0.0087
1783356978.868729,0.6587292619984969,-0.6466884998315341,-0.003303673205103313,1.0379,0.0087
1783356978.970168,0.7591295384301591,-0.6470117527446322,-0.003603673205103349,0.9803,0.0082
1783356979.0704775,0.845828729604521,-0.6474363109991043,-0.006803673205103336,0.8361,-0.1856
1783356979.170262,0.917624705573922,-0.6482535224779662,-0.015103673205103507,0.5477,-0.188
1783356979.2705808,0.9604192729039592,-0.649161821456767,-0.029603673205103494,0.2594,-0.1904
1783356979.3712814,0.9796144525676596,-0.6499001152182806,-0.04180367320510338,0.1442,0.1938
1783356979.4724746,0.9901134597699822,-0.6500757505381174,-0.005003673205103501,0.1154,0.3863
1783356979.572637,0.9999139258569244,-0.6500463485195914,0.008796326794896451,0.1153,0.0009
1783356979.672768,1.011415068196176,-0.6499291952342326,0.00909632679489631,0.0576,0.0004
1783356979.77448,1.020415555040192,-0.649894030326985,0.00399632679489647,0.1153,0.0009
1783356979.8736482,1.030816005559329,-0.6498689504749999,0.005596326794896352,0.1153,0.0009
1783356979.9741569,1.0413171738449225,-0.6497445935787394,0.008796326794896451,0.1153,0.0009
1783356980.0756953,1.0519176191747914,-0.649720954448935,0.009396326794896418,0.1441,-0.1914
1783356980.1754038,1.062518784865751,-0.6495973179137646,0.01339632679489633,0.0864,-0.1919
1783356980.2757406,1.0729206761070686,-0.6493722432510479,0.016896326794896322,0.0865,0.1934
1783356980.3765824,1.0833218469872958,-0.6492471659936971,0.019496326794896348,0.1153,0.0009
1783356980.4771645,1.0932237512017848,-0.6490184895255292,0.022296326794896366,0.0865,0.1934
1783356980.5768545,1.1029256606055418,-0.6487883723351812,0.025696326794896317,0.0288,0.1929
1783356980.6773477,1.1009249921371342,-0.6488739625187431,0.030296326794896376,0.0287,-0.1924
1783356980.7786424,1.1008249947317688,-0.6488732421576529,0.035096326794896375,-0.0287,0.1924
1783356980.878212,1.1001250128942075,-0.6488681996300215,0.03739632679489634,0.0,0.0
1783356980.9787984,1.1002250102995732,-0.6488689199911116,-0.04380367320510337,-0.0002,-1.156
1783356981.0795033,1.1039227532148392,-0.6491955655675467,-0.0995036732051034,0.1153,0.0009
1783356981.1803346,1.1157159637981962,-0.650180544824483,-0.07050367320510345,0.1442,0.5792
1783356981.2803502,1.1334119027424985,-0.6508080357642775,-0.003603673205103349,0.2019,0.5797
1783356981.381408,1.154215685225134,-0.6503578864388443,0.032796326794896365,0.2018,0.1943
1783356981.4817438,1.1745216417642106,-0.6496041430918624,0.03439632679489638,0.2017,-0.1909
1783356981.5840738,1.1946261627703756,-0.649048953833432,0.024296326794896305,0.2017,-0.1909
1783356981.6826544,1.2147299634154505,-0.6485937619803674,0.018896326794896445,0.2306,0.0019
1783356981.7831542,1.2349323207437102,-0.6483392852991247,0.014796326794896293,0.1729,0.0014
1783356981.8836963,1.2550346806666048,-0.6480840882567913,0.009796326794896443,0.2306,0.0019
1783356981.9865007,1.2723363928781657,-0.6479087185092988,0.014896326794896402,0.0289,0.5782
1783356982.0846424,1.2785383930941177,-0.6476533886807936,0.06659632679489637,0.0,0.0
1783356982.1850595,1.2788383853102154,-0.6476555497640643,0.0654963267948964,0.0,0.0
1783356982.2860606,1.278738387904849,-0.647654829402974,0.06389632679489633,0.0,0.0
1783356982.3868177,1.2775384190404593,-0.6476461850698916,0.06509632679489638,-0.0288,-0.1929
1783356982.4867134,1.277137709057906,-0.6477433010308967,0.06279632679489636,0.0,0.0
1783356982.5873308,1.2774377012740032,-0.6477454621141673,0.05279632679489639,-0.0288,-0.1929
1783356982.6881075,1.2761377350042475,-0.6477360974199947,0.04309632679489631,-0.0288,-0.1929
1783356982.7894506,1.2750370431841331,-0.6478281708533682,0.03289632679489646,0.0,0.0
1783356982.8890672,1.2640351675106205,-0.6480489233495437,0.01119632679489646,-0.0288,-0.1929
1783356982.989677,1.2435335383273531,-0.6482012415421501,0.00909632679489631,-0.2306,-0.0019
1783356983.090622,1.213030727885321,-0.6484815184364681,0.013896326794896314,-0.2883,-0.0024
1783356983.1922436,1.18202576933319,-0.6490581857414326,0.017796326794896483,-0.2595,-0.1948
1783356983.2917,1.1522215000065388,-0.6495434999741135,0.017996326794896406,-0.2883,-0.0024
1783356983.3922708,1.1288170646233016,-0.6500749173165676,0.027996326794896376,-0.2017,0.1909
1783356983.4951491,1.1160137949310227,-0.650482698123851,0.029796326794896428,-0.1153,-0.0009
1783356983.5935507,1.1056119036897052,-0.6507077727865677,0.029296326794896414,-0.1153,-0.0009
1783356983.6964462,1.096809250573151,-0.6510443706320932,0.029496326794896336,0.0,0.0
1783356983.793754,1.0959092739248582,-0.6510378873822814,0.021196326794896383,0.0287,-0.1924
1783356983.8942964,1.0964092609516878,-0.6510414891877324,0.020196326794896424,0.0,0.0
1783356983.9949794,1.0964092609516878,-0.6510414891877324,0.0203963267948964,0.0576,0.0004
1783356984.0955374,1.0976092298160776,-0.6510501335208149,-0.0668036732051034,0.0285,-1.3484
1783356984.197029,1.097909222032175,-0.6510522946040854,-0.19780367320510342,-0.029,-1.3489
1783356984.2966151,1.0978092246268094,-0.6510515742429952,-0.3336036732051035,-0.0002,-1.5413
1783356984.3972409,1.097510673132892,-0.650849418348993,-0.4725036732051035,-0.0002,-1.156
1783356984.497826,1.097212121638975,-0.6506472624549907,-0.6116036732051037,-0.029,-1.3489
1783356984.5994189,1.0969135701450576,-0.6504451065609885,-0.7536036732051035,-0.029,-1.3489
1783356984.6988382,1.0966164593733212,-0.6500429558562547,-0.8995036732051035,-0.029,-1.3489
1783356984.7995503,1.096318628240494,-0.6497408025568865,-1.0463036732051034,0.0285,-1.3484
1783356984.9006972,1.0962207919183986,-0.6494400899796987,-1.1933036732051034,-0.0002,-1.5413
1783356985.0004113,1.0961229555963037,-0.649139377402511,-1.3386036732051034,-0.029,-1.3489
1783356985.1013758,1.0960265599963888,-0.6486386700145916,-1.4785036732051036,-0.029,-1.3489
1783356985.2021017,1.0959294440353835,-0.6482379600320382,-1.5700036732051035,0.0575,-0.3848
1783356985.303292,1.0958725355092578,-0.6561377550559392,-1.5969036732051034,0.1153,0.0009
1783356985.4026625,1.0954587262409088,-0.671935184020471,-1.5819036732051037,0.173,0.3868
1783356985.5030916,1.095626172016409,-0.6903368676910558,-1.5533036732051035,0.2018,0.1943
1783356985.60375,1.09598712935283,-0.7096399687321134,-1.5491036732051038,0.1729,0.0014
1783356985.7050822,1.09634808668925,-0.7289430697731712,-1.5558036732051035,0.1729,0.0014
1783356985.804607,1.0967097643867612,-0.7481461734088634,-1.5547036732051038,0.1729,0.0014
1783356985.9053187,1.0969319576051164,-0.7589480542716444,-1.5161036732051032,0.0866,0.5787
1783356986.006359,1.0969283557996654,-0.7594480412984735,-1.5109036732051035,0.0,0.0
1783356986.1059425,1.0969276354385753,-0.7595480387038392,-1.5111036732051033,0.0,0.0
1783356986.2062838,1.0969283557996654,-0.7594480412984735,-1.5111036732051033,0.0,0.0
1783356986.308684,1.096930516882936,-0.759148049082376,-1.5122036732051034,0.0,0.0
1783356986.4082353,1.096929796521846,-0.7592480464877417,-1.5134036732051035,0.0,0.0
1783356986.5077868,1.096760056876903,-0.7550467147401962,-1.5439036732051035,-0.0577,-0.3858
1783356986.608374,1.0967982360146835,-0.7497468522558068,-1.5903036732051035,-0.0577,-0.3858
1783356986.7090952,1.09728106716152,-0.7382500320830964,-1.6207036732051037,-0.0865,-0.1934
1783356986.809884,1.0981020696622346,-0.7214555105092669,-1.6178036732051033,-0.2017,0.1909
1783356986.909726,1.0988461263124698,-0.7014603516026404,-1.6023036732051035,-0.2017,0.1909
1783356987.0106628,1.0993901881519732,-0.6814637519738337,-1.5917036732051035,-0.2017,0.1909
1783356987.1117,1.0992910438938694,-0.6674626745004361,-1.5874036732051038,-0.1153,-0.0009
1783356987.2134671,1.0997645103465332,-0.6572658205974813,-1.5782036732051035,-0.1153,-0.0009
1783356987.3115687,1.0994379975562705,-0.647063203805805,-1.5639036732051035,-0.0864,0.1919
1783356987.4119244,1.0994488029726237,-0.6455632427253176,-1.5677036732051037,0.0,0.0
1783356987.5126877,1.0994466418893527,-0.645863234941415,-1.5702036732051035,0.0,0.0
1783356987.6139023,1.0994495233337136,-0.6454632453199517,-1.5735036732051035,0.0,0.0
1783356987.7135546,1.099440158639541,-0.6467632115897074,-1.5816036732051035,0.0863,-0.5772
1783356987.8139925,1.0994070220293917,-0.6513630922365362,-1.6821036732051033,0.0862,-1.3479
1783356987.9144683,1.0992969395687635,-0.6527623355505676,-1.8846036732051037,-0.0005,-2.6973
1783356988.015479,1.0984875956316644,-0.654056538931602,-2.1848036732051037,-0.0005,-3.0827
1783356988.1155066,1.099191899635766,-0.6534615970270382,-2.5121036732051043,-0.0007,-3.8534
1783356988.216538,1.0997933247901412,-0.6532659243828476,-2.9192036732051037,-0.0008,-4.2387
1783356988.3168976,1.1003933092223368,-0.6532702465493888,2.870196326794897,-0.001,-5.3947
1783356988.418244,1.100394029583427,-0.6531702491440231,2.340596326794897,-0.0008,-4.624
1783356988.5180018,1.1012824804542758,-0.6547766908796884,1.9794963267948964,-0.0293,-2.5049
1783356988.6182897,1.101773823148023,-0.6559802615495294,1.8326963267948968,-0.0001,-0.7706
1783356988.718844,1.1021630073531332,-0.6574831040743779,1.8123963267948966,0.0,0.0
1783356988.8191547,1.1022601233141385,-0.6578838140569314,1.8052963267948967,0.0287,-0.1924
1783356988.9197435,1.102162286992043,-0.6575831014797436,1.7861963267948966,-0.0288,-0.1929
1783356989.0221243,1.1021615666309528,-0.6576830988851096,1.7566963267948965,-0.0288,-0.1929
1783356989.1209052,1.1022608436752286,-0.6577838166515655,1.7227963267948965,0.0,-0.3853
1783356989.2226,1.102259402953048,-0.6579838114622971,1.6828963267948964,0.0,-0.3853
1783356989.3222032,1.102258682591958,-0.658083808867663,1.6403963267948964,0.0,-0.3853
1783356989.422008,1.102258682591958,-0.658083808867663,1.5971963267948968,0.0,-0.3853
1783356989.5221157,1.1022925395631973,-0.6533839308154687,1.5544963267948966,0.2305,-0.3833
1783356989.6227715,1.102704908109366,-0.6377864966616685,1.5395963267948964,0.2883,0.0024
1783356989.7231004,1.1035173990631704,-0.6082915842452875,1.5476963267948964,0.4036,0.0034
1783356989.82358,1.1042004905930825,-0.5689954853808742,1.5614963267948965,0.4325,0.1963
1783356989.9243038,1.1040390732786476,-0.5219931030534791,1.5813963267948967,0.4901,0.1968
1783356990.02545,1.1032237772364246,-0.4685858442550393,1.5846963267948966,0.5766,0.0048
1783356990.1250193,1.102775466991688,-0.4058809878408471,1.5723963267948964,0.6631,-0.187
1783356990.2259202,1.1029984569270763,-0.333280710461978,1.5650963267948967,0.8073,0.0068
1783356990.326871,1.1033833953215877,-0.2520813765827372,1.5680963267948964,0.8361,0.1997
1783356990.4264798,1.1029151805386692,-0.164375728104905,1.5757963267948962,0.9226,0.0077
1783356990.5269165,1.1025017131986066,-0.0690702768192691,1.5795963267948965,0.9803,0.0082
1783356990.628206,1.1015213980364975,0.0308393772797362,1.5808963267948966,0.9803,0.0082
1783356990.72783,1.1004684591904506,0.134549653143734,1.5816963267948965,1.0379,0.0087
1783356990.8286698,1.0993176840223085,0.2385606415849193,1.5810963267948965,1.0667,-0.1836
1783356990.929252,1.0983445724711016,0.3394702697375832,1.5816963267948965,0.9515,0.2007
1783356991.029636,1.0970677341121744,0.4259817122397468,1.5847963267948966,0.7495,-0.379
1783356991.1301188,1.0966179831452578,0.4884865738432074,1.5711963267948965,0.4901,-0.1885
1783356991.2307246,1.096894601803895,0.5268855775036891,1.5541963267948962,0.3171,-0.1899
1783356991.3310509,1.0973120128776943,0.5431829934950502,1.5398963267948964,0.0864,-0.1919
1783356991.4316647,1.0977027705911575,0.555780505487875,1.5455963267948964,0.1442,0.1938
1783356991.5324094,1.0978863298829864,0.5673794841492222,1.5497963267948967,0.1153,0.0009
1783356991.633808,1.0981634033303698,0.5780777658011864,1.5482963267948966,0.0864,-0.1919
1783356991.7330232,1.0984383156944824,0.5884760552370532,1.5442963267948968,0.0865,0.1934
1783356991.833988,1.0987175502251358,0.599474329105115,1.5453963267948965,0.1153,0.0009
1783356991.9339056,1.09899750511688,0.6105726003785426,1.5483963267948966,0.1153,0.0009
1783356992.0361066,1.099174581158897,0.621271602391597,1.5513963267948963,0.1153,0.0009
1783356992.1348145,1.0993509368398242,0.6318706069992858,1.5517963267948964,0.1153,0.0009
1783356992.2354004,1.0995265721596617,0.6423696142016084,1.5520963267948962,0.1153,0.0009
1783356992.3359177,1.0998000438015936,0.6525679088267435,1.5519963267948964,0.0864,-0.1919
1783356992.4359975,1.0997921198296012,0.6514679373677192,1.5621963267948964,0.0576,0.0004
1783356992.5361035,1.0997957216350522,0.6519679243945484,1.5602963267948966,0.0,0.0
1783356992.638187,1.0998101288568565,0.6539678725018653,1.5629963267948965,0.2018,0.1943
1783356992.7379248,1.0998965721876803,0.6659675611457658,1.5559963267948964,0.1153,0.0009
1783356992.837555,1.1002255116335582,0.6838656559840705,1.5518963267948964,0.2018,0.1943
1783356992.9389777,1.1003667024072374,0.7034651474357747,1.5720963267948962,0.2018,0.1943
1783356993.0392523,1.1003050169258242,0.7226660899881959,1.5774963267948967,0.1729,0.0014
1783356993.1391754,1.100243331444411,0.7418670325406173,1.5731963267948963,0.1729,0.0014
1783356993.2393854,1.1001838070462686,0.761367967309136,1.5744963267948966,0.2017,-0.1909
1783356993.3406372,1.1000221241594894,0.7805696302226476,1.5744963267948966,0.1729,0.0014
1783356993.440244,1.0999633201224372,0.8001705623965322,1.5724963267948964,0.2017,-0.1909
1783356993.54084,1.1000037931296605,0.8196707768039608,1.5709963267948965,0.1729,0.0014
1783356993.6422267,1.100042105053613,0.8388709989952919,1.5714963267948965,0.2018,0.1943
1783356993.7416313,1.099984741738741,0.8586719259799083,1.5712963267948965,0.2306,0.0019
1783356993.8423128,1.099925217340599,0.878172860748427,1.5717963267948964,0.2306,0.0019
1783356993.943505,1.0999664107089129,0.8977730725612215,1.5719963267948964,0.1729,0.0014
1783356994.0429857,1.0999061659496796,0.9171740099243744,1.5750963267948965,0.1729,0.0014
1783356994.1436288,1.0998495229958982,0.9370749343143566,1.5732963267948965,0.2018,0.1943
1783356994.2438612,1.0997928800421164,0.9569758587043388,1.5720963267948962,0.2018,0.1943
1783356994.3444166,1.0996605991738628,0.966377055530908,1.6108963267948966,0.0578,0.7711
1783356994.4461932,1.0993951842900955,0.9711790920717388,1.6500963267948967,0.0576,0.0004
1783356994.5450592,1.099395904651186,0.9712790894771046,1.6515963267948965,0.0,0.0
1783356994.645562,1.099395904651186,0.9712790894771046,1.6509963267948964,0.0,0.0
1783356994.7458038,1.0993951842900955,0.9711790920717388,1.6511963267948964,0.0,0.0
1783356994.847036,1.099395904651186,0.9712790894771046,1.6513963267948966,0.0,0.0
1783356994.947794,1.0993944639290054,0.971079094666373,1.6500963267948967,0.0,0.0
1783356995.0473428,1.099484376279108,0.969678410630161,1.6388963267948964,-0.0288,-0.1929
1783356995.1487343,1.0995728479070308,0.9680777317832174,1.6251963267948963,-0.0288,-0.1929
1783356995.2488408,1.0996605991738628,0.966377055530908,1.6108963267948966,0.0,0.0
1783356995.349287,1.0997476300796056,0.9645763818732328,1.5952963267948965,-0.0288,-0.1929
1783356995.4501207,1.0997137731083662,0.9598765038210384,1.5701963267948964,-0.0865,-0.1934
1783356995.549822,1.0993006842011068,0.9441790722618724,1.5230963267948965,-0.2019,-0.5797
1783356995.651017,1.0976134292371675,0.9181905522831074,1.4996963267948964,-0.2595,-0.1948
1783356995.7507648,1.0956743134640017,0.8850036598401827,1.5244963267948966,-0.3747,0.1895
1783356995.8513708,1.094574664007551,0.8434105020967156,1.5624963267948966,-0.4323,0.5743
1783356995.9518511,1.0951036546943902,0.7919053550834974,1.5955963267948967,-0.5477,0.188
1783356996.052523,1.0970174814734572,0.7382901775023335,1.6101963267948964,-0.5477,0.188
1783356996.154181,1.099036348185521,0.6853742613976403,1.6048963267948966,-0.5478,-0.1972
1783356996.253625,1.100558829676207,0.6329619341252275,1.5953963267948965,-0.5478,-0.1972
1783356996.3541293,1.1015777223346122,0.5800532216314365,1.5873963267948965,-0.5189,-0.0043
1783356996.4545467,1.1021980660937347,0.5273473853927377,1.5782963267948964,-0.5478,-0.1972
1783356996.555141,1.1024227423979356,0.4752444150305949,1.5720963267948962,-0.5189,-0.0043
1783356996.6562092,1.1024546275023064,0.424142859444291,1.5698963267948962,-0.4901,-0.1968
1783356996.7565625,1.1023499095718834,0.381842516252361,1.5674963267948965,-0.2883,-0.0024
1783356996.8569818,1.1021402844946349,0.3527432712909022,1.5582963267948962,-0.1442,-0.1938
1783356996.9582138,1.1019437587031815,0.3393443393329701,1.5525963267948966,-0.1441,0.1914
1783356997.0580516,1.1017551568837214,0.3270453788340622,1.5538963267948964,-0.1153,-0.0009
1783356997.1588671,1.1015773604806138,0.3162463794156419,1.5498963267948964,-0.1153,-0.0009
1783356997.2612498,1.1012902019779678,0.3041481340885559,1.5490963267948967,-0.1153,-0.0009
1783356997.3592072,1.1011340164075665,0.2963490568311108,1.5539963267948964,0.0864,-0.1919
1783356997.4608293,1.1011361774908373,0.2966490490472083,1.5497963267948967,0.0576,0.0004
1783356997.5622349,1.1011477032682804,0.2982490075330617,1.5501963267948964,0.0,0.0
1783356997.660849,1.1011448218239197,0.2978490179115983,1.5524963267948966,0.0,0.0
1783356997.7629457,1.1011541865180925,0.2991489841813542,1.5015963267948964,-0.029,-0.9635
1783356997.8617306,1.101153466157002,0.2990489867759884,1.3638963267948965,0.0285,-1.3484
1783356997.962299,1.1011527457959118,0.2989489893706226,1.2216963267948964,-0.0002,-1.5413
1783356998.063264,1.1009498695408186,0.2985504404713396,1.0809963267948965,-0.029,-1.3489
1783356998.1632762,1.1008477110521826,0.2982511686163323,0.9399963267948964,-0.0002,-1.5413
1783356998.2637064,1.1005455577528145,0.2979533374835054,0.7987963267948965,0.0285,-1.3484
1783356998.3646204,1.1002441248145365,0.2977555037560443,0.6574963267948963,0.0285,-1.3484
1783356998.4647052,1.1001434070480804,0.2976562267117687,0.5168963267948964,-0.0002,-1.5413
1783356998.5651977,1.1002434044534464,0.2976555063506785,0.37699632679489636,-0.0002,-1.156
1783356998.665803,1.1003441222199024,0.2977547833949541,0.2355963267948964,0.0285,-1.3484
1783356998.7674515,1.1004441196252683,0.2977540630338638,0.09509632679489638,0.0285,-1.3484
1783356998.867019,1.1011441014628294,0.2977490205062325,-0.003103673205103385,-0.0001,-0.7706
1783356998.967293,1.1059432565592993,0.297614445768537,-0.0357036732051035,0.0576,0.0004
1783356999.068019,1.1189407581735873,0.2972208066107134,-0.026403673205103426,0.173,0.3868
1783356999.1690457,1.1378395474266407,0.2969846609592996,0.0036963267948963733,0.2018,0.1943
1783356999.2687747,1.157141928106608,0.2972456208903543,0.01819632679489637,0.2018,0.1943
1783356999.3693116,1.1763450317423003,0.2976072985878649,0.015596326794896379,0.2306,0.0019
1783356999.4699068,1.1958474072329996,0.2978668177967391,0.011896326794896382,0.2017,-0.1909
1783356999.570829,1.215049790507601,0.2981284980888839,0.012296326794896431,0.2018,0.1943
1783356999.670745,1.2231524617865943,0.2984701384620411,0.07029632679489649,0.0577,0.3858
1783356999.7710383,1.2231524617865943,0.2984701384620411,0.06959632679489641,0.0,0.0
1783356999.871489,1.2224517595879434,0.2983751835843066,0.07229632679489645,0.0,0.0
1783356999.972871,1.2225517569933098,0.2983744632232163,0.07229632679489645,0.0,0.0
1783357000.0730324,1.222351762182578,0.2983759039453968,0.06209632679489635,-0.0288,-0.1929
1783357000.1729677,1.2209510781463655,0.2982859915952938,0.05069632679489629,0.0,0.0
1783357000.273817,1.219751109281976,0.2982946359283762,0.04049632679489631,-0.0288,-0.1929
1783357000.3753266,1.218250427840398,0.2982054439393634,0.027696326794896444,-0.0288,-0.1929
1783357000.4757087,1.2165504719491786,0.2982176900778967,0.013796326794896301,-0.0288,-0.1929
1783357000.5755525,1.213850542004301,0.2982371398273322,-0.0029036732051033755,-0.1154,-0.3863
1783357000.6756735,1.1991516437766134,0.2984430303129576,-0.022803673205103327,-0.2307,-0.3872
1783357000.7761908,1.176455114202929,0.2990065419018964,-0.024403673205103456,-0.2306,-0.0019
1783357000.8780518,1.1539578590788857,0.2994686153632891,-0.018603673205103505,-0.2017,0.1909
1783357000.977607,1.1312598887830203,0.2998321321414963,-0.015703673205103387,-0.2017,0.1909
1783357001.0781257,1.1156602935459503,0.2999445084715677,-0.0015036732051034165,-0.1153,-0.0009
1783357001.1788645,1.1060598222697398,0.2999136657308611,0.00619632679489648,-0.0864,0.1919
1783357001.2798417,1.096459350993529,0.2998828229901546,0.00399632679489647,-0.0576,-0.0004
1783357001.3789294,1.0981593068847484,0.2998705768516211,-0.002603673205103316,-0.0287,0.1924
1783357001.47974,1.0975593224525533,0.2998748990181624,-0.002803673205103442,0.0287,-0.1924
1783357001.580038,1.097759317263285,0.2998734582959819,-0.003303673205103313,0.0,0.0
1783357001.6819773,1.0978593146686506,0.2998727379348917,-0.08940367320510349,-0.0291,-1.7342
1783357001.7810483,1.0972600505975458,0.2999770575067987,-0.3501036732051033,-0.0005,-3.0827
1783357001.8819392,1.0971614939143608,0.3001777726786206,-0.7082036732051036,-0.0008,-4.2387
1783357001.9824977,1.097062216870085,0.3002784904450767,-1.1631036732051034,-0.0008,-4.624
1783357002.0832124,1.097062937231175,0.3003784878504426,-1.6639036732051036,-0.001,-5.3947
1783357002.1849234,1.0969607787425382,0.3000792159954352,-2.2215036732051034,-0.001,-5.3947
1783357002.2838871,1.0970614965089949,0.3001784930397109,-2.6503036732051033,-0.0294,-3.2756
1783357002.3845274,1.101171475184257,0.3015489219101343,-2.864603673205104,-0.029,-0.9635
1783357002.4846635,1.1012721929507128,0.30164819895441,-2.9020036732051038,0.0,0.0
1783357002.585332,1.1014721877614446,0.3016467582322296,-2.912203673205103,-0.0288,-0.1929
1783357002.685713,1.1006707677963377,0.3014525263102195,-2.929003673205104,0.0287,-0.1924
1783357002.7862215,1.0995693556151325,0.3012604554714801,-2.943803673205103,0.0,0.0
1783357002.887371,1.099369360804401,0.3012618961936604,-2.9650036732051035,0.0,0.0
1783357002.987431,1.099369360804401,0.3012618961936604,-3.0012036732051035,-0.0289,-0.5782
1783357003.087847,1.099168645632579,0.3011633395104751,-3.043003673205104,0.0,-0.3853
1783357003.1890864,1.0987686560111158,0.3011662209548358,-3.0819036732051037,0.0,-0.3853
1783357003.2889388,1.09866865860575,0.3011669413159261,-3.122603673205104,0.0,-0.3853
1783357003.389257,1.0883689258530684,0.3012411385082167,3.1260963267948965,0.1441,-0.1914
1783357003.4901586,1.0715722431959689,0.3017621487928337,3.102696326794897,0.2594,-0.1904
1783357003.5899386,1.0413816711085682,0.3031796667064644,3.0975963267948963,0.3748,0.1958
1783357003.6902947,1.0013877514898644,0.3041677929801056,3.1321963267948965,0.4325,0.1963
1783357003.7915218,0.953984659179916,0.3039092597046657,-3.1266036732051035,0.4613,0.0038
1783357003.8914042,0.9005766800203856,0.3029939662570769,-3.125703673205104,0.5189,0.0043
1783357003.992097,0.8371696806853622,0.3022507063238742,-3.1335036732051034,0.6919,0.0058
1783357004.0932336,0.763865099302391,0.3018787543546987,-3.137503673205104,0.7784,-0.186
1783357004.1927438,0.6822614536351456,0.3016665897613758,-3.139703673205103,0.8649,0.0073
1783357004.2932978,0.5928565696271845,0.3013106185223569,-3.1362036732051033,0.8938,0.2002
1783357004.394696,0.4969504135482633,0.3008014759434693,-3.1360036732051038,0.9803,0.0082
1783357004.4945254,0.3970422001714381,0.3000211555920922,-3.1311036732051036,1.0379,0.0087
1783357004.59525,0.2946326109382866,0.2990588494572385,-3.133703673205104,0.9803,0.0082
1783357004.6953363,0.1931258797977885,0.2984900496940363,-3.136703673205104,1.0379,0.0087
1783357004.7957475,0.0901191875768029,0.2979320553471872,-3.135103673205103,1.0091,-0.1841
1783357004.8961184,-0.0126889505556316,0.2971726254674259,-3.1334036732051036,1.0668,0.2016
1783357004.9978468,-0.1144978349954978,0.2963059945713969,-3.133703673205104,0.9803,0.0082
1783357005.098061,-0.2151038691266134,0.2958307089637487,-3.1402036732051037,0.9803,0.0082
1783357005.197605,-0.3168069932723921,0.2957633369495562,-3.1415036732051034,1.0091,-0.1841
1783357005.2982068,-0.4181086870745272,0.2958930783017344,3.140081633974483,1.0091,-0.1841
1783357005.3987994,-0.5195096579209381,0.2961235374203688,3.139781633974483,1.0091,0.2011
1783357005.4998178,-0.6209106287673487,0.2963539965390031,3.1390816339744827,1.0091,0.2011
1783357005.599614,-0.7218108922258402,0.2966808512575523,3.1375816339744826,1.0091,0.2011
1783357005.7000608,-0.8997098781771169,0.2974623866101901,3.139781633974483,1.0091,-0.1841
1783357005.8016486,-0.924513556874386,0.297041051728365,3.1402816339744826,1.0379,0.0087
1783357005.9013126,-1.0229146055598215,0.2972499000142932,3.1380816339744824,0.9226,0.0077
1783357006.0018263,-1.1074131334550448,0.2977586077301469,3.133096326794896,0.8649,0.0073
1783357006.103092,-1.1759070339641025,0.2988520395091296,3.1168963267948966,0.5765,-0.3804
1783357006.2027397,-1.215996628821631,0.3004408705760559,3.0811963267948963,0.2882,-0.3829
1783357006.3033724,-1.2361867400113578,0.3018863497860323,3.0699963267948966,0.1442,0.5792
1783357006.4038017,-1.2470835757518732,0.3023648587663274,3.1340963267948965,0.1154,0.7716
1783357006.504153,-1.2572854721824591,0.3021383433814305,-3.0983036732051037,0.1442,0.1938
1783357006.6045878,-1.2678895193177793,0.3016147172247967,-3.083303673205103,0.0576,0.0004
1783357006.705377,-1.276692892795424,0.3011781219739052,-3.0973036732051034,0.0864,-0.1919
1783357006.8056483,-1.2854955459119786,0.3008415241283795,-3.105403673205103,0.0864,-0.1919
1783357006.90605,-1.2944981938392648,0.3005063670050342,-3.103203673205104,0.0865,0.1934
1783357007.0067956,-1.3042015439652022,0.3000762550039544,-3.099403673205104,0.0864,-0.1919
1783357007.1083384,-1.3141048889018712,0.2996475837250552,-3.0991036732051036,0.0865,0.1934
1783357007.2077029,-1.3233082520009791,0.2992138699185244,-3.094003673205104,0.0865,0.1934
1783357007.3082998,-1.332711609910819,0.2987815968341741,-3.0870036732051034,0.0865,0.1934
1783357007.409353,-1.342015690776383,0.2982486059833678,-3.0816036732051035,0.0865,0.1934
1783357007.508686,-1.3512204945976716,0.2976148973661053,-3.078003673205104,0.1153,0.0009
1783357007.6093106,-1.3486191213359793,0.2977961627884919,-3.0705036732051036,0.0,0.0
1783357007.7106657,-1.3460177480742872,0.2979774282108783,-3.075003673205104,0.0,0.0
1783357007.8099089,-1.345417043281002,0.2980731034497029,-3.0790036732051034,0.0,0.0
1783357007.910417,-1.344216354055522,0.2981644565219863,-3.073803673205104,0.0,0.0
1783357008.0118432,-1.3446170640380752,0.2980673405609814,-3.0790036732051034,0.0,-0.3853
1783357008.1170638,-1.3443170718219777,0.2980651794777107,3.1055963267948963,-0.029,-0.9635
1783357008.2144752,-1.348714796574804,0.298396867581777,3.058396326794896,0.0576,0.0004
1783357008.313102,-1.3592094816105855,0.2991724873338089,3.0810963267948965,0.1442,0.5792
1783357008.4129922,-1.3766061486998806,0.2996978197849673,3.1324963267948966,0.2307,0.3872
1783357008.5135489,-1.3973077726938796,0.2995469423145413,-3.122903673205103,0.2306,0.0019
1783357008.6141047,-1.4176108477885958,0.2991931885890229,-3.1231036732051036,0.2017,-0.1909
1783357008.714633,-1.4373139384511169,0.2988351126969631,-3.1299036732051038,0.2306,0.0019
1783357008.8149807,-1.4572155832021891,0.2986784723378157,-3.1341036732051037,0.1729,0.0014
1783357008.9173312,-1.477217225358627,0.2985225523397583,-3.136703673205104,0.2017,-0.1909
1783357009.016271,-1.4972181471539754,0.2984666297470668,-3.138203673205103,0.2017,-0.1909
1783357009.1173432,-1.5073193258181057,0.2983393914064454,-3.092503673205104,0.1154,0.7716
1783357009.2175994,-1.514624178937443,0.2976919959284691,-3.0333036732051033,-0.0577,-0.3858
1783357009.3170483,-1.5144241841267114,0.2976905552062887,-3.034103673205103,0.0,0.0
1783357009.417507,-1.513923476738792,0.2977869508062035,-3.0375036732051033,0.0,0.0
1783357009.51871,-1.5130227797294094,0.2978804649617576,-3.043303673205103,0.0,0.0
1783357009.6185334,-1.512622790107946,0.2978775835173968,-3.048703673205104,0.0,0.0
1783357009.7193108,-1.511121388305278,0.2980667729117754,-3.0614036732051035,0.0,0.0
1783357009.819527,-1.5091228809201416,0.2978523708792397,-3.0786036732051034,-0.0288,-0.1929
1783357009.920201,-1.5073200461791956,0.2982393940010795,-3.094403673205104,0.0,0.0
1783357010.0214972,-1.505819364737618,0.2983285859900924,-3.108103673205104,0.0,0.0
1783357010.1208496,-1.4951174812802028,0.2985514995695383,-3.1284036732051037,-0.3172,-0.1953
1783357010.2220888,-1.4759165387277815,0.2986131850509514,3.139781633974483,-0.2595,-0.1948
1783357010.3228705,-1.449416505944744,0.2985222867674141,3.140881633974483,-0.2594,0.1904
1783357010.4227133,-1.4209143639711197,0.2987169734781703,-3.1269036732051037,-0.2883,-0.0024
1783357010.523418,-1.3936100297786145,0.2992202967381064,-3.123703673205103,-0.2883,-0.0024
1783357010.623604,-1.3744069261429224,0.299581974435617,-3.1189036732051036,-0.1729,-0.0014
1783357010.724456,-1.3635050478747754,0.2998034472928827,-3.1139036732051038,-0.0864,0.1919
1783357010.825579,-1.3531024362723674,0.3001285193609652,-3.110003673205103,-0.1153,-0.0009
1783357010.9246,-1.3483011200926267,0.3002939368393671,-3.105403673205103,0.1729,0.0014
1783357011.0250494,-1.3492010967409194,0.3003004200891789,-3.1065036732051032,0.0,0.0
1783357011.1254325,-1.349301094146285,0.3003011404502692,-3.1067036732051037,0.0,0.0
1783357011.2264533,-1.349401091551651,0.3003018608113594,-3.1067036732051037,0.0,0.0
1783357011.3277607,-1.3505017833717656,0.3002097873779858,-3.1243036732051035,0.0286,-0.9631
1783357011.4271572,-1.3505017833717656,0.3002097873779858,3.0345963267948965,-0.0002,-1.156
1783357011.52779,-1.3509010526321386,0.3003126662277124,2.8969963267948966,0.0285,-1.3484
1783357011.628219,-1.3508010552267729,0.3003119458666222,2.7574963267948966,0.0285,-1.3484
1783357011.7288702,-1.3504025063274898,0.3001090696115298,2.622996326794896,-0.0002,-1.5413
1783357011.8292222,-1.350701057821407,0.3003112255055319,2.4865963267948965,-0.0002,-1.5413
1783357011.9301236,-1.3508996119099583,0.300512661038444,2.3478963267948965,0.0285,-1.3484
1783357012.0313876,-1.3507996145045926,0.3005119406773538,2.208996326794897,0.0285,-1.3484
1783357012.1307323,-1.3508003348656827,0.300411943271988,2.0700963267948964,-0.0002,-1.5413
1783357012.2320948,-1.3508010552267729,0.3003119458666222,1.9266963267948964,0.0285,-1.7337
1783357012.3321776,-1.3508003348656827,0.300411943271988,1.7782963267948968,-0.0002,-1.5413
1783357012.4337904,-1.3508017755878632,0.3002119484612564,1.6349963267948966,0.0285,-1.3484
1783357012.5327938,-1.3507974534213218,0.3008119328934514,1.5521963267948964,0.0287,-0.5777
1783357012.633983,-1.3505391093622838,0.3089102820059039,1.5365963267948965,0.0864,-0.1919
1783357012.7337844,-1.3500317859383806,0.3238070139610529,1.5434963267948965,0.2018,0.1943
1783357012.8344398,-1.3498934766090622,0.3430065157912938,1.5748963267948966,0.173,0.3868
1783357012.9346955,-1.350147953290305,0.3632088731195539,1.5873963267948965,0.2018,0.1943
1783357013.0356994,-1.3504053114159085,0.3830112408263506,1.5803963267948964,0.2017,-0.1909
1783357013.135579,-1.3504669968973215,0.4022121833787718,1.5747963267948968,0.1729,0.0014
1783357013.2360404,-1.3506257983397398,0.4218138359137467,1.5741963267948962,0.1729,0.0014
1783357013.3401678,-1.3506824412935217,0.4417147603037288,1.5735963267948965,0.2018,0.1943
1783357013.4381092,-1.3507390842473033,0.4616156846937111,1.5733963267948965,0.1729,0.0014
1783357013.544211,-1.3507964475621752,0.4814166116783274,1.5740963267948964,0.2017,-0.1909
1783357013.6382542,-1.3508509294326865,0.5016175282844071,1.5746963267948966,0.2018,0.1943
1783357013.7383025,-1.3509061316642876,0.521718447485121,1.5736963267948962,0.2017,-0.1909
1783357013.839356,-1.3509627746180697,0.541619371875103,1.5736963267948962,0.2306,0.0019
1783357013.9414823,-1.3510215786551216,0.5612203040489877,1.5745963267948966,0.2018,0.1943
1783357014.039772,-1.351081103053264,0.5807212388175066,1.5733963267948965,0.1729,0.0014
1783357014.140316,-1.3511399070903167,0.6003221709913912,1.5733963267948965,0.2018,0.1943
1783357014.2407434,-1.3511994314884592,0.6198231057599101,1.5719963267948964,0.1729,0.0014
1783357014.341495,-1.3511589584812358,0.6393233201673386,1.5690963267948965,0.1729,0.0014
1783357014.4424615,-1.3511177651129225,0.658923531980133,1.5678963267948964,0.2018,0.1943
1783357014.5421915,-1.3510751310224285,0.6787237386036592,1.5678963267948964,0.2306,0.0019
1783357014.643756,-1.3510317765708444,0.6986239426325511,1.5681963267948964,0.2018,0.1943
1783357014.743332,-1.3509862610359895,0.7188241388775406,1.5679963267948964,0.2018,0.1943
1783357014.8439083,-1.3509407455011349,0.7390243351225301,1.5675963267948965,0.1729,0.0014
1783357014.9452045,-1.3507937918387338,0.7594238058171611,1.5692963267948965,0.1729,0.0014
1783357015.0447245,-1.3511440765449736,0.7663265082317646,1.6302963267948964,0.0289,0.5782
1783357015.1460643,-1.3516044437118415,0.7718299673323368,1.6772963267948966,0.0,0.0
1783357015.245587,-1.3516037233507514,0.7719299647377026,1.6765963267948962,0.0,0.0
1783357015.3460715,-1.351505166667566,0.7717292495658807,1.6747963267948962,0.0,0.0
1783357015.4465222,-1.3515094888341073,0.7711292651336856,1.6703963267948965,0.0,0.0
