timestamp,x,y,phi
1783355567.605116,-1.248093890320764,0.7458165876902394,-1.5676036732051035
1783355567.705489,-1.248093890320764,0.7458165876902394,-1.5676036732051035
1783355567.806165,-1.248093890320764,0.7458165876902394,-1.5676036732051035
1783355567.9061532,-1.248093890320764,0.7458165876902394,-1.5676036732051035
1783355568.0072105,-1.248093890320764,0.7458165876902394,-1.5676036732051035
1783355568.1071131,-1.248093890320764,0.7458165876902394,-1.5676036732051035
1783355568.2078967,-1.248093890320764,0.7458165876902394,-1.5676036732051035
1783355568.3086643,-1.248093890320764,0.7458165876902394,-1.5676036732051035
1783355568.408236,-1.248093890320764,0.7458165876902394,-1.5676036732051035
1783355568.5096138,-1.248093890320764,0.7458165876902394,-1.5676036732051035
1783355568.6091096,-1.248093890320764,0.7458165876902394,-1.5676036732051035
1783355568.7096443,-1.248093890320764,0.7458165876902394,-1.5676036732051035
1783355568.8099558,-1.248093890320764,0.7458165876902394,-1.5668036732051034
1783355568.9106977,-1.24809496993247,0.7459165818622624,-1.5636036732051035
1783355569.0114932,-1.248093890320764,0.7458165876902394,-1.5666036732051034
1783355569.111448,-1.2480928107090583,0.7457165935182164,-1.5672036732051036
1783355569.2118788,-1.2480928107090583,0.7457165935182164,-1.5489036732051036
1783355569.3133988,-1.2480917310973525,0.7456165993461934,-1.5185036732051036
1783355569.41277,-1.247739927219404,0.740820117924207,-1.4961036732051034
1783355569.5139318,-1.2466586049046178,0.724030813529696,-1.5090036732051033
1783355569.613361,-1.245452457348575,0.704942722790362,-1.5048036732051036
1783355569.7140102,-1.244146315620509,0.6858557116627336,-1.5033036732051037
1783355569.8142805,-1.2428401738924433,0.6667687005351055,-1.5034036732051037
1783355569.914538,-1.2416405040066352,0.6482805748279094,-1.5030036732051035
1783355570.0153413,-1.240232208883135,0.6289946549679409,-1.5001036732051034
1783355570.1153448,-1.2389239079316574,0.6097076554962666,-1.5029036732051035
1783355570.2158315,-1.2376134477567682,0.5902206676805464,-1.4998036732051037
1783355570.3162837,-1.2362008341864443,0.570534771132486,-1.5004036732051036
1783355570.4165816,-1.2347882206161205,0.5508488745844256,-1.4981036732051034
1783355570.517955,-1.2332712944269504,0.530764080959979,-1.4991036732051035
1783355570.617378,-1.231961913863767,0.5113770873162817,-1.5003036732051036
1783355570.7178702,-1.230551459516855,0.4918911791122672,-1.4988036732051035
1783355570.818198,-1.2291442440050602,0.4727052534243218,-1.5015036732051037
1783355570.9209597,-1.2279424148958409,0.4540171393730797,-1.5031036732051033
1783355571.0202928,-1.2265298013255168,0.4343312428250193,-1.5010036732051035
1783355571.119511,-1.2251215062020162,0.4150453229650508,-1.4981036732051034
1783355571.2208817,-1.2238142848622444,0.3958583176653997,-1.5032036732051035
1783355571.3206944,-1.222397352845097,0.3757724444292472,-1.4993036732051033
1783355571.420765,-1.2209804208279502,0.3556865711930949,-1.4994036732051035
1783355571.52103,-1.2195645684225092,0.3357006921289654,-1.4967036732051036
1783355571.6215093,-1.2180454830099272,0.3154159101604728,-1.4986036732051036
1783355571.724564,-1.216629630604486,0.2954300310963434,-1.4994036732051035
1783355571.82235,-1.2152148578107504,0.2755441462042371,-1.4981036732051034
1783355571.9227014,-1.2136990112332862,0.2555593467518134,-1.4985036732051036
1783355572.0229518,-1.212287477274668,0.2359734443757761,-1.4999036732051032
1783355572.124618,-1.2109791763231903,0.2166864449041017,-1.5001036732051034
1783355572.223818,-1.2095676423645725,0.1971005425280644,-1.5015036732051037
1783355572.3241138,-1.208253943354566,0.177313572196275,-1.5017036732051035
1783355572.4260771,-1.2068402501725364,0.1575276814761917,-1.5023036732051034
1783355572.5252855,-1.2055297899976471,0.1380406936604714,-1.5004036732051036
1783355572.6260517,-1.2041160968156177,0.1182548029403881,-1.5010036732051035
1783355572.7259517,-1.202694846351647,0.0977689530161437,-1.5005036732051036
1783355572.8269513,-1.2011736017156536,0.077284182703605,-1.4984036732051038
1783355572.9283102,-1.199758828921918,0.0573982978114987,-1.4994036732051035
1783355573.0269265,-1.1983440561281826,0.0375124129193923,-1.5013036732051035
1783355573.1273017,-1.1970271182830583,0.0174254600715341,-1.5017036732051035
1783355573.227532,-1.1956166639361463,-0.0020604481324804,-1.5010036732051035
1783355573.3279724,-1.194200811530705,-0.0220463271966098,-1.5010036732051035
1783355573.4288373,-1.19288927174411,-0.0416333091843529,-1.5020036732051034
1783355573.5286224,-1.1914701805035512,-0.0619191707645513,-1.5020036732051034
1783355573.6291587,-1.1901554018818383,-0.0818061352683635,-1.5014036732051033
1783355573.729499,-1.1887373902529856,-0.101992002676539,-1.4990036732051035
1783355573.8298883,-1.1872172252286983,-0.1223767788170545,-1.4992036732051033
1783355573.9308712,-1.1857959747647278,-0.1428626287412989,-1.4992036732051033
1783355574.030528,-1.1842790485755577,-0.1629474223657455,-1.4992036732051033
1783355574.1310873,-1.1828621165584103,-0.1830332956018978,-1.4994036732051035
1783355574.2313385,-1.1814495029880865,-0.2027191921499583,-1.5016036732051035
1783355574.333789,-1.180134724366374,-0.2226061566537706,-1.5018036732051034
1783355574.4320548,-1.1788242641914848,-0.2420931444694909,-1.5026036732051036
1783355574.5324116,-1.1774138098445726,-0.2615790526735052,-1.5022036732051036
1783355574.6336937,-1.1760990312228603,-0.2814660171773175,-1.5017036732051035
1783355574.733207,-1.1746842584291248,-0.3013519020694237,-1.4996036732051035
1783355574.8337348,-1.1732673264119775,-0.3214377753055762,-1.4996036732051035
1783355574.934018,-1.1717514798345134,-0.3414225747579998,-1.4986036732051036
1783355575.0344129,-1.170331308982249,-0.3618084305102212,-1.4981036732051034
1783355575.1347277,-1.168812223569667,-0.3820932124787136,-1.4986036732051036
1783355575.236957,-1.1673942119408138,-0.4022790798868891,-1.4974036732051033
1783355575.3365843,-1.1658794449750556,-0.4221638851672897,-1.4990036732051035
1783355575.4359047,-1.1645743828586956,-0.4411509021228951,-1.5019036732051034
1783355575.536555,-1.1631574508415483,-0.4612367753590475,-1.5007036732051036
1783355575.6367176,-1.1618437518315416,-0.4810237456908368,-1.5025036732051036
1783355575.7397816,-1.16053653049177,-0.5002107509904878,-1.5050036732051035
1783355575.8392577,-1.1592228314817634,-0.5199977213222772,-1.5039036732051034
1783355575.9380596,-1.1579080528600507,-0.5398846858260894,-1.5018036732051034
1783355576.0390074,-1.1564878820077862,-0.5602705415783109,-1.5013036732051035
1783355576.1389935,-1.1550677111555216,-0.5806563973305323,-1.4999036732051032
1783355576.239525,-1.1535464665195283,-0.6011411676430707,-1.4974036732051033
1783355576.3418522,-1.1520284607186522,-0.6213259554395404,-1.4955036732051035
1783355576.4407594,-1.1509784471433353,-0.6352154288453844,-1.4918036732051034
1783355576.541666,-1.1499478665787233,-0.6473050071548145,-1.4812036732051033
1783355576.6410213,-1.1494906704702226,-0.6526003798252102,-1.4862036732051034
1783355576.7416914,-1.14949390930534,-0.6523003973091412,-1.4933036732051035
1783355576.8426397,-1.1494906704702226,-0.6526003798252102,-1.4960036732051032
1783355576.9423485,-1.149617654934891,-0.6501016051363409,-1.5040036732051036
1783355577.0430684,-1.1496219733817146,-0.6497016284482491,-1.6136036732051036
1783355577.1432369,-1.150157161711503,-0.6557077564398638,-1.6606036732051035
1783355577.2438595,-1.1510199927450928,-0.6684178124038427,-1.6246036732051035
1783355577.344585,-1.151420229611653,-0.686923211898332,-1.5645036732051034
1783355577.4445243,-1.1508935286373605,-0.7079187491880437,-1.5378036732051037
1783355577.545423,-1.1502733111612795,-0.7283132418339118,-1.5430036732051033
1783355577.645188,-1.149860639311186,-0.7480099344990305,-1.5550036732051036
1783355577.745813,-1.1495468820214092,-0.7678077009478781,-1.5581036732051035
1783355577.8462756,-1.1493320392919495,-0.7877065411804545,-1.5594036732051035
1783355577.946404,-1.14911719656249,-0.8076053814130308,-1.5624036732051034
1783355578.0468664,-1.149003427616759,-0.8274053070852898,-1.5655036732051033
1783355578.1471355,-1.1488907382827345,-0.847105238585526,-1.5680036732051037
1783355578.2516758,-1.14886333827347,-0.8589056304959455,-1.5427036732051036
1783355578.3500926,-1.1488590198266466,-0.8593056071840373,-1.5425036732051034
1783355578.4482677,-1.1488611790500582,-0.8591056188399915,-1.5411036732051036
1783355578.5491085,-1.1488676567202931,-0.8585056538078535,-1.5363036732051032
1783355578.6494932,-1.14886333827347,-0.8589056304959455,-1.5390036732051033
1783355578.7506268,-1.14886333827347,-0.8589056304959455,-1.5434036732051035
1783355578.8503003,-1.1489842547845226,-0.8477062832293698,-1.5609036732051036
1783355578.950462,-1.1489710392655843,-0.8304051322459798,-1.5828036732051034
1783355579.0516102,-1.1483917363940082,-0.8006971466497972,-1.5863036732051035
1783355579.151254,-1.1483771810848964,-0.7649949087907641,-1.5596036732051033
1783355579.252638,-1.1490669034267686,-0.72890025152558,-1.5457036732051035
1783355579.3526323,-1.1499091111976307,-0.6972074970528191,-1.5444036732051034
1783355579.4533207,-1.1504293345016885,-0.6768119247952452,-1.5513036732051035
1783355579.5534377,-1.1505480917893294,-0.6658125658727155,-1.5564036732051032
1783355579.654802,-1.1507636044138758,-0.6551142690779608,-1.5507036732051038
1783355579.7545462,-1.1509553655808942,-0.6466158440677121,-1.5450036732051038
1783355579.8546166,-1.1508283811162254,-0.649114618756581,-1.5438036732051035
1783355579.9571257,-1.1508229830576964,-0.649614589616696,-1.5400036732051032
1783355580.0560513,-1.1508359383981663,-0.6484146595524201,-1.5562036732051034
1783355580.15557,-1.1509402510170126,-0.6480157624760339,-1.6466036732051037
1783355580.2570093,-1.150749979178319,-0.6471136557044151,-1.7849036732051036
1783355580.3562229,-1.1509413306287184,-0.6479157683040109,-1.9263036732051035
1783355580.4568188,-1.1511370005259411,-0.6483179042155147,-2.0727036732051034
1783355580.5571103,-1.1513348296465755,-0.6485200517829721,-2.2221036732051034
1783355580.658099,-1.1513348296465755,-0.6485200517829721,-2.3689036732051036
1783355580.7578793,-1.151830482059867,-0.6489254265295933,-2.513403673205104
1783355580.8588502,-1.1518294024481612,-0.6490254207016163,-2.6621036732051038
1783355580.9586408,-1.1519293966201842,-0.6490265003133221,-2.8114036732051035
1783355581.0597072,-1.1519293966201842,-0.6490265003133221,-2.9582036732051034
1783355581.1599932,-1.1519293966201842,-0.6490265003133221,-3.0973036732051034
1783355581.2618809,-1.1556302605967408,-0.6489664517744147,3.1138963267948965
1783355581.3605382,-1.1680349359861215,-0.6486003527658222,3.1284963267948966
1783355581.4609714,-1.186234954906013,-0.6486968479242599,-3.13358898038469
1783355581.562548,-1.2047349563419731,-0.6487965819178149,-3.13188898038469
1783355581.6617148,-1.2232338781662275,-0.6489963100833928,-3.13268898038469
1783355581.762225,-1.242132776678574,-0.649200356695794,-3.1355889803846897
1783355581.8624756,-1.261533805274447,-0.6492098130226782,-3.1342889803846896
1783355581.9629726,-1.2811326629909543,-0.6494214169170203,-3.1336889803846897
1783355582.0641837,-1.3005326119751213,-0.6495308674159276,-3.13758898038469
1783355582.1637976,-1.3200325551313117,-0.6496413975265408,-3.1389889803846898
1783355582.2648482,-1.3395335778992077,-0.6496519334651311,-3.13858898038469
1783355582.3646686,-1.3589335268833749,-0.6497613839640385,-3.1388889803846896
1783355582.4652708,-1.3782345613072249,-0.649769760679217,-3.13948898038469
1783355582.5656805,-1.3975355957310749,-0.6497781373943956,-3.13968898038469
1783355582.6662753,-1.416935544715242,-0.6498875878933029,-3.1390889803846895
1783355582.766461,-1.436236579139092,-0.6498959646084815,-3.13838898038469
1783355582.8668647,-1.4497357923621963,-0.6500417121887682,-3.1104036732051035
1783355582.96798,-1.4500357748782655,-0.6500449510238856,-3.1126036732051037
1783355583.0674284,-1.4503357573943343,-0.650048189859003,-3.1133036732051034
1783355583.1686296,-1.4503357573943343,-0.650048189859003,-3.1133036732051034
1783355583.2680829,-1.4502357632223115,-0.6500471102472972,-3.1135036732051034
1783355583.368497,-1.4502357632223115,-0.6500471102472972,-3.1131036732051034
1783355583.4702432,-1.4502357632223115,-0.6500471102472972,-3.1131036732051034
1783355583.569558,-1.4500357748782655,-0.6500449510238856,-3.1151036732051036
1783355583.670619,-1.4498357865342195,-0.650042791800474,-3.1172036732051036
1783355583.7703357,-1.4450371458888214,-0.6498909762665712,-3.1315889803846897
1783355583.8711374,-1.4267338939617895,-0.6500933840124969,3.1147963267948966
1783355583.97128,-1.3981193665876253,-0.6512845276449755,3.0935963267948967
1783355584.071684,-1.3620009578649128,-0.6527946770876091,3.1094963267948965
1783355584.172127,-1.317093858121235,-0.6532098789798998,-3.1301036732051033
1783355584.2728674,-1.2705062904638709,-0.6518068323767776,-3.1019036732051033
1783355584.373361,-1.227322843102112,-0.6500405158835615,-3.1031036732051036
1783355584.4737167,-1.19573116241308,-0.6490993935523822,-3.1186036732051035
1783355584.5745378,-1.1820330404576356,-0.648851492576661,-3.1241036732051035
1783355584.6752954,-1.1711347553188347,-0.6486338207287028,-3.1213036732051034
1783355584.7768562,-1.1590376197274637,-0.648303199368252,-3.1133036732051034
1783355584.8761132,-1.1478404316842996,-0.6479822945131533,-3.1070036732051034
1783355584.9754367,-1.1469404841360926,-0.6479725780078007,-3.0941036732051037
1783355585.0755372,-1.151738045169785,-0.6482243877137267,-3.0958036732051033
1783355585.1787117,-1.152937975234061,-0.6482373430541966,-3.0960036732051033
1783355585.2769847,-1.1522380160299,-0.6482297857722558,-3.0453036732051033
1783355585.3767917,-1.1522380160299,-0.6482297857722558,-2.9029036732051035
1783355585.4776666,-1.1521391014695828,-0.648128711988527,-2.7546036732051036
1783355585.5777776,-1.1516412898328794,-0.6479233255859517,-2.606603673205104
1783355585.6785662,-1.1516412898328794,-0.6479233255859517,-2.4573036732051037
1783355585.7785168,-1.1517402043931966,-0.6480243993696805,-2.3034036732051035
1783355585.879302,-1.1517402043931966,-0.6480243993696805,-2.1490036732051037
1783355585.9799032,-1.1518401985652196,-0.6480254789813863,-2.0012036732051035
1783355586.080605,-1.1518391189535138,-0.6481254731534095,-1.8502036732051037
1783355586.180313,-1.151935874290419,-0.6484265352811841,-1.6939036732051038
1783355586.2805686,-1.151931555843596,-0.6488265119692761,-1.5425036732051034
1783355586.3816037,-1.1519347946787135,-0.6485265294532071,-1.3884036732051035
1783355586.4812632,-1.1518315616715729,-0.6488254323575703,-1.2329036732051035
1783355586.581889,-1.1518294024481612,-0.6490254207016163,-1.0768036732051036
1783355586.6821227,-1.1520337092390305,-0.6486276032369359,-0.9198036732051034
1783355586.7827682,-1.1521337034110537,-0.6486286828486417,-0.7564036732051033
1783355586.882856,-1.1520337092390305,-0.6486276032369359,-0.5942036732051034
1783355586.9833205,-1.1521337034110537,-0.6486286828486417,-0.43350367320510336
1783355587.0845797,-1.151632652939233,-0.6487232789621357,-0.2761036732051034
1783355587.1844628,-1.151632652939233,-0.6487232789621357,-0.11900367320510338
1783355587.2851453,-1.151331590811458,-0.6488200342990411,-3.673205103495864e-06
1783355587.3849008,-1.145633002617853,-0.648658502259786,0.015596326794896379
1783355587.4853325,-1.1281307836787111,-0.6487695527273354,-0.016303673205103328
1783355587.5857484,-1.1083254599479229,-0.6491557546417196,-0.015603673205103452
1783355587.6859796,-1.0894222429887532,-0.6493516847174101,-0.006603673205103394
1783355587.7875524,-1.071221144457156,-0.6493551837309959,-0.003303673205103313
1783355587.886809,-1.0523190071096922,-0.6494511196346636,-0.0015036732051034165
1783355587.9873722,-1.0333179552019112,-0.6494459817546026,-0.002103673205103377
1783355588.0876882,-1.0140169207780612,-0.649437605039424,0.0026963267948964696
1783355588.1878607,-0.9951158630423032,-0.6494335467710688,-0.0012036732051034014
1783355588.2889442,-0.976014816962499,-0.6494273292793018,-0.0002036732051034387
1783355588.3885632,-0.956213811678534,-0.6494135545055941,0.0018963267948963226
1783355588.4890556,-1.0132083305082304,-0.6502289215219612,-0.00010367320510349526
1783355588.589364,-0.9168107098429444,-0.6494881583536132,-0.0011036732051033621
1783355588.6899028,-0.8974096812470713,-0.6494787020267291,-0.001903673205103394
1783355588.790809,-0.8782086409952443,-0.6494714049232563,0.001596326794896332
1783355588.8905058,-0.8585076298833023,-0.6494587097612544,-0.0029036732051033755
1783355588.9909787,-0.8387055449876316,-0.6495449291595697,-0.0023036732051034876
1783355589.0912893,-0.8192045222197356,-0.6495343932209795,0.0012963267948964904
1783355589.1942527,-0.7993035227637476,-0.6495195388355658,0.001996326794896485
1783355589.294325,-0.7795025174797826,-0.6495057640618581,0.0004963267948963869
1783355589.3937616,-0.7595015238517716,-0.6494898300647387,9.632679489650527e-05
1783355589.4935076,-0.7397005185678066,-0.649476055291031,0.000796326794896424
1783355589.5933638,-0.7196995249397956,-0.6494601212939117,0.0005963267948963156
1783355589.693655,-0.6998985196558306,-0.6494463465202042,-0.0004036732051034074
1783355589.7944045,-0.6802975027159116,-0.6494347309699082,-0.0010036732051033053
1783355589.894495,-0.6607954003363099,-0.649524189203341,-0.002203673205103441
1783355589.994882,-0.641093309612662,-0.6496114882133619,-0.002603673205103316
1783355590.0957642,-0.621592286844766,-0.6496009522747717,-0.0017036732051033403
1783355590.1956966,-0.6018912757328241,-0.6495882571127698,-0.0005036732051033662
1783355590.30064,-0.5820902704488591,-0.6495744823390621,0.0009963267948963999
1783355590.3965125,-0.562189270992871,-0.6495596279536485,0.0032963267948964113
1783355590.4970894,-0.5421882773648601,-0.6495436939565292,0.0043963267948963405
1783355590.5980926,-0.5220883691765319,-0.6494266861756812,0.003396326794896383
1783355590.6977534,-0.5020884551602268,-0.6493107580065389,0.0031963267948964514
1783355590.7988546,-0.4818874731881699,-0.6492926647860079,0.0008963267948964036
1783355590.8988822,-0.46178540577643,-0.6493756453492056,-0.0011036732051033621
1783355590.999442,-0.441884406320442,-0.649360790963792,-0.0030036732051034903
1783355591.0999525,-0.4218823330807252,-0.6494448511386957,-0.0038036732051034646
1783355591.1998944,-0.4017802656689854,-0.6495278317018934,-0.0048036732051033966
1783355591.3004298,-0.3819781807733145,-0.6496140511002088,-0.0025036732051033255
1783355591.4007308,-0.3619771871453036,-0.6495981171030895,-0.00010367320510349526
1783355591.5041482,-0.3417751255615409,-0.6496800180545814,9.632679489650527e-05
1783355591.6025405,-0.3215752232011898,-0.6495619306620274,0.002396326794896497
1783355591.7020636,-0.3014742354011557,-0.6495449170532023,0.0031963267948964514
1783355591.8028874,-0.2812732534290988,-0.6495268238326712,0.0026963267948964696
1783355591.9028013,-0.2611733452407706,-0.649409816051823,0.0013963267948963545
1783355592.0037694,-0.2409712836570078,-0.6494917170033151,-3.673205103495864e-06
1783355592.1038632,-0.2208702958569737,-0.6494747033944899,-0.000803673205103341
1783355592.2040875,-0.2010692905730087,-0.6494609286207822,-0.002203673205103441
1783355592.3051498,-0.1810672173332921,-0.6495449887956857,-0.0039036732051033886
1783355592.4048777,-0.1608651557495292,-0.6496268897471779,-0.003203673205103459
1783355592.5055246,-0.1410641504655642,-0.6496131149734702,-0.0017036732051033403
1783355592.6055894,-0.1210620772258473,-0.6496971751483738,0.0001963267948965046
1783355592.7069235,-0.1011610777698593,-0.6496823207629603,0.001996326794896485
1783355592.808219,-0.0810611695815311,-0.6495653129821121,0.0018963267948963226
1783355592.9067671,-0.0611601701255433,-0.6495504585966986,0.003596326794896364
1783355593.0074248,-0.0410591823255095,-0.6495334449878734,0.002796326794896357
1783355593.1075132,-0.0208592799651583,-0.6494153575953192,0.00029632679489638035
1783355593.2087314,-0.0008582863371472,-0.6493994235981998,9.632679489650527e-05
1783355593.3089876,0.0190437927305465,-0.6494845633848093,-0.0011036732051033621
1783355593.4088464,0.0390447863585576,-0.6494686293876902,-0.002803673205103442
1783355593.5092485,0.0590468595982744,-0.6495526895625938,-0.0023036732051034876
1783355593.60946,0.0789489386659683,-0.6496378293492033,-0.0011036732051033621
1783355593.7102149,0.0989499322939791,-0.6496218953520839,0.000796326794896424
1783355593.8110626,0.1188509317499671,-0.6496070409666702,0.0022963267948964703
1783355593.910756,0.1385508632502031,-0.6494943516326454,0.002396326794896497
1783355594.0113044,0.1584518627061911,-0.6494794972472319,0.0008963267948964036
1783355594.111571,0.1784528563342022,-0.6494635632501125,0.0004963267948963869
1783355594.2130446,0.1984538499622132,-0.6494476292529932,-0.0005036732051033662
1783355594.3131034,0.21845592320193,-0.649531689427897,-0.001903673205103394
1783355594.4127643,0.2383569226579181,-0.6495168350424835,-0.001903673205103394
1783355594.5137775,0.2584589900696579,-0.6495998156056814,-0.004103673205103366
1783355594.613619,0.2785610574813976,-0.6496827961688789,-0.004103673205103366
1783355594.7141302,0.2984631365490914,-0.6497679359554884,-0.0030036732051034903
1783355594.8143811,0.3185641243491254,-0.6497509223466632,-0.0011036732051033621
1783355594.914915,0.3388661801049113,-0.6498317436864494,0.0008963267948964036
1783355595.0157912,0.3589660882932395,-0.6497147359056012,0.001996326794896485
1783355595.1155863,0.3790670760932733,-0.649697722296776,0.0022963267948964703
1783355595.2163656,0.3991680638933073,-0.6496807086879511,0.000796326794896424
1783355595.316355,0.4194690400373874,-0.6496615358557141,-0.0002036732051034387
1783355595.4171622,0.4395700278374214,-0.6496445222468888,0.0001963267948965046
1783355595.5170963,0.4596720952491612,-0.6497275028100867,-0.0012036732051034014
1783355595.6177075,0.4799730713932411,-0.6497083299778499,-0.002803673205103442
1783355595.71874,0.4999751446329579,-0.6497923901527535,-0.00400367320510349
1783355595.818283,0.5198772237006518,-0.649877529939363,-0.0034036732051033465
1783355595.9188282,0.5397793027683454,-0.6499626697259723,-0.0015036732051034165
1783355596.0192575,0.5598802905683794,-0.6499456561171473,0.00039632679489647515
1783355596.1197906,0.5800812725404363,-0.6499275628966162,0.0028963267948964593
1783355596.2202504,0.6001844195638819,-0.6501105376318371,0.003396326794896383
1783355596.320141,0.6203821627008215,-0.6497924618952371,0.003396326794896383
1783355596.421089,0.6403820767171267,-0.6496765337260948,0.0025963267948963965
1783355596.5209446,0.6604830645171607,-0.6496595201172696,0.0006963267948964613
1783355596.621526,0.6802840698011258,-0.6496457453435619,0.0004963267948963869
1783355596.7217598,0.6999850809130678,-0.64963305018156,-0.0013036732051034236
1783355596.8234613,0.7199871541527846,-0.6497171103564634,-0.0029036732051033755
1783355596.9230068,0.7400892215645241,-0.6498000909196613,-0.002103673205103377
1783355597.0227964,0.7598902268484891,-0.6497863161459538,0.00039632679489647515
1783355597.1235783,0.7798912204765001,-0.6497703821488344,0.0010963267948964133
1783355597.2237706,0.7997922199324885,-0.6497555277634209,0.001496326794896435
1783355597.3244424,0.8198932077325222,-0.6497385141545957,0.0008963267948964036
1783355597.4245389,0.8398942013605332,-0.6497225801574764,0.0004963267948963869
1783355597.5249484,0.8598951949885442,-0.6497066461603569,-0.0011036732051033621
1783355597.6253035,0.8798961886165553,-0.6496907121632375,-0.0015036732051034165
1783355597.726087,0.8999982560282951,-0.6497736927264353,-0.003103673205103385
1783355597.827098,0.9199003350959888,-0.6498588325130448,-0.003103673205103385
1783355597.9265351,0.9397024199916598,-0.6499450519113603,-0.004303673205103447
1783355598.0270114,0.9599044815754222,-0.6500269528628523,-0.0035036732051033593
1783355598.1278138,0.9798054810314102,-0.6500120984774388,-0.0005036732051033662
1783355598.227848,0.9998064746594212,-0.6499961644803193,0.0006963267948964613
1783355598.3284135,1.0198074682874323,-0.6499802304831999,0.0017963267948963757
1783355598.4285803,1.0399084560874663,-0.6499632168743747,0.002496326794896339
1783355598.530113,1.0599083701037717,-0.6498472887052323,0.0038963267948964263
1783355598.6310346,1.07850944532346,-0.6498464692719945,0.006296326794896381
1783355598.730223,1.09050874596622,-0.6497169158672954,0.014596326794896327
1783355598.830103,1.1021059106974758,-0.6493916925653734,0.024296326794896305
1783355598.930297,1.1036058232778208,-0.649375498389786,0.017596326794896477
1783355599.0306835,1.1033058407617518,-0.6493787372249036,0.016596326794896334
1783355599.131793,1.1024058932135452,-0.649388453730256,0.015296326794896481
1783355599.23183,1.1109064774472055,-0.6493966809072838,-0.01050367320510348
1783355599.3322835,1.128811911909557,-0.649803395444079,-0.01810367320510332
1783355599.4325857,1.1485140026332048,-0.6498906944540999,-0.0010036732051033053
1783355599.5330138,1.1674150603689628,-0.6498866361857446,0.006696326794896478
1783355599.634019,1.186415032665038,-0.6497815041336605,0.0037963267948963944
1783355599.733948,1.2059149758212282,-0.6496709740230473,0.005096326794896502
1783355599.8352528,1.2245160510409172,-0.6496701545898095,0.0001963267948965046
1783355599.93621,1.2441170679808358,-0.6496585390395135,0.001596326794896332
1783355600.0351508,1.2636180907487322,-0.6496480031009233,0.0009963267948963999
1783355600.1356678,1.2755173972194689,-0.6495195293079299,0.036796326794896445
1783355600.2359695,1.278915039844839,-0.6492828341658858,0.0629963267948964
1783355600.336696,1.279115028188885,-0.6492806749424741,0.0629963267948964
1783355600.4367588,1.2784161485964294,-0.6493882263964379,0.06399632679489636
1783355600.5374832,1.2782161602523834,-0.6493903856198495,0.06259632679489636
1783355600.638826,1.2785161427684528,-0.6493871467847321,0.05839632679489643
1783355600.7386522,1.2773162127041768,-0.649400102125202,0.04819632679489645
1783355600.8387685,1.2758173797355377,-0.6495162904728125,0.03619632679489632
1783355600.9394877,1.2748174380153077,-0.6495270865898707,0.027696326794896444
1783355601.0394263,1.2695177468980887,-0.6495843060102795,0.0098963267948965
1783355601.140183,1.2506166891623312,-0.6495883642786348,-0.002003673205103494
1783355601.2423117,1.2219162025683192,-0.649698224494161,0.0051963267948964284
1783355601.3404212,1.1918168771776916,-0.6499231934455919,0.009796326794896443
1783355601.44144,1.1617175517870637,-0.6501481623970227,0.008196326794896338
1783355601.5417285,1.1361190437491766,-0.6504245429937143,0.014396326794896332
1783355601.6426356,1.1215209742455243,-0.6506821604747881,0.015596326794896379
1783355601.7430606,1.110922671622793,-0.6508965934876287,0.015896326794896477
1783355601.842827,1.101023248592516,-0.6510034750465056,0.01609632679489648
1783355601.9436004,1.0999233127002634,-0.6510153507752696,0.005896326794896337
1783355602.0435174,1.0990233651520565,-0.651025067280622,0.0018963267948963226
1783355602.143187,1.0990233651520565,-0.651025067280622,-0.0006036732051033082
1783355602.2438052,1.0990233651520565,-0.651025067280622,-0.001403673205103429
1783355602.3440902,1.100223295216332,-0.6510121119401522,-0.022403673205103298
1783355602.4444144,1.1003243690000613,-0.6511110265004694,-0.1451036732051034
1783355602.5453725,1.0999233127002634,-0.6510153507752696,-0.2802036732051034
1783355602.6453104,1.0998233185282404,-0.6510164303869754,-0.4170036732051034
1783355602.7456508,1.0991190408772558,-0.6506240109808242,-0.5513036732051034
1783355602.845747,1.0990179670935274,-0.650525096420507,-0.6921036732051035
1783355602.9465518,1.098916893309798,-0.65042618186019,-0.8360036732051035
1783355603.0464666,1.098916893309798,-0.65042618186019,-0.9790036732051035
1783355603.1467896,1.098916893309798,-0.65042618186019,-1.1245036732051035
1783355603.247868,1.0989158136980923,-0.6503261876881672,-1.2697036732051035
1783355603.348012,1.098813660302658,-0.650127278955827,-1.4152036732051034
1783355603.4484465,1.098813660302658,-0.650127278955827,-1.5370036732051036
1783355603.5483308,1.098839570983598,-0.6525271390843788,-1.5984036732051032
1783355603.6487467,1.0984497205174768,-0.6627319426892535,-1.6059036732051035
1783355603.7490113,1.098145159376117,-0.6808362858839451,-1.5737036732051035
1783355603.849362,1.098249211816495,-0.6997362640079973,-1.5568036732051038
1783355603.9503982,1.0985575710477429,-0.7190340595967298,-1.5545036732051034
1783355604.0502956,1.0988702487258135,-0.7387318318735542,-1.5590036732051036
1783355604.1509995,1.0990581011626277,-0.7561308178055556,-1.5521036732051037
1783355604.2509706,1.099210996308236,-0.7610294526229767,-1.5108036732051036
1783355604.351613,1.099310990480259,-0.7610283730112709,-1.5102036732051034
1783355604.451481,1.099210996308236,-0.7610294526229767,-1.5100036732051034
1783355604.552346,1.099210996308236,-0.7610294526229767,-1.5098036732051034
1783355604.652507,1.099210996308236,-0.7610294526229767,-1.5095036732051037
1783355604.7524493,1.099210996308236,-0.7610294526229767,-1.5093036732051035
1783355604.852719,1.0993142293153764,-0.7613283555273399,-1.5095036732051037
1783355604.9558198,1.099210996308236,-0.7610294526229767,-1.5079036732051034
1783355605.053836,1.099206677861413,-0.7606294759348847,-1.5160036732051034
1783355605.1545897,1.099066738056274,-0.7569307711817398,-1.5459036732051035
1783355605.2546575,1.0991095128078885,-0.751630000452815,-1.5802036732051035
1783355605.3550675,1.099336751623048,-0.7356266144823123,-1.5900036732051033
1783355605.4550543,1.0997218739257264,-0.7157212965795009,-1.5859036732051033
1783355605.5560253,1.0998962117673006,-0.6948181961798715,-1.5749036732051036
1783355605.656439,1.099886755440416,-0.6754171675839983,-1.5680036732051037
1783355605.7586572,1.0997701573761869,-0.6646177970055148,-1.5602036732051034
1783355605.8578207,1.0996449224183111,-0.6530184730508471,-1.5483036732051036
1783355605.9571123,1.0994682758151744,-0.64591996644892,-1.5476036732051035
1783355606.0578933,1.099470435038586,-0.6461199547929662,-1.5567036732051034
1783355606.1577573,1.0994607185332337,-0.6452200072447593,-1.5696036732051037
1783355606.2580955,1.0994693554268802,-0.6460199606209432,-1.5715036732051035
1783355606.358797,1.0994725942619976,-0.6463199431370122,-1.5860036732051035
1783355606.4589891,1.099470435038586,-0.6461199547929662,-1.7122036732051036
1783355606.5595746,1.0994682758151744,-0.64591996644892,-1.8622036732051035
1783355606.6598637,1.0995671903754916,-0.6458188926651912,-2.0114036732051037
1783355606.7606037,1.099665025324103,-0.6456178247094393,-2.1630036732051034
1783355606.8610775,1.09976393988442,-0.6455167509257105,-2.3129036732051036
1783355606.9610033,1.0998617748330313,-0.6453156829699589,-2.4636036732051037
1783355607.062245,1.1000606835653717,-0.6452135295745243,-2.6179036732051033
1783355607.161733,1.100160677737394,-0.6452124499628185,-2.7728036732051033
1783355607.2628176,1.1000606835653717,-0.6452135295745243,-2.9266036732051033
1783355607.3629627,1.0997607010493025,-0.6452167684096417,-3.0788036732051034
1783355607.4629002,1.0996607068772797,-0.6452178480213475,3.0524963267948966
1783355607.5638835,1.0996607068772797,-0.6452178480213475,2.8988963267948966
1783355607.6635337,1.0993596447495046,-0.6451210926844421,2.7453963267948964
1783355607.7639413,1.0990585826217294,-0.6450243373475365,2.5910963267948963
1783355607.8644035,1.0991585767937528,-0.6450232577358307,2.434396326794896
1783355607.9646902,1.0987542816588376,-0.644627599494562,2.2756963267948964
1783355608.0651314,1.0989564292262952,-0.6448254286151963,2.1180963267948965
1783355608.1658936,1.0990585826217294,-0.6450243373475365,1.9615963267948964
1783355608.2667675,1.0990596622334352,-0.6451243315195595,1.8012963267948965
1783355608.3666828,1.0989531903911778,-0.6445254460991273,1.6477963267948965
1783355608.4670355,1.0989488719443543,-0.6441254694110353,1.5544963267948966
1783355608.5680115,1.099119301055724,-0.6321229299331584,1.5574963267948967
1783355608.66767,1.099246545698861,-0.6161206235743614,1.5697963267948964
1783355608.768596,1.099233850536859,-0.5964196124624193,1.5735963267948965
1783355608.8684804,1.099127638873069,-0.5773196459943211,1.5752963267948965
1783355608.969251,1.0990246660443963,-0.5585196620422919,1.5725963267948966
1783355609.0693138,1.0990206077760412,-0.5396186043065341,1.5722963267948966
1783355609.1697352,1.0990122310608623,-0.5203175698826839,1.5753963267948965
1783355609.270086,1.0989017009502495,-0.5008176267264935,1.5741963267948962
1783355609.3706331,1.098792250451342,-0.4814176777423266,1.5718963267948964
1783355609.471715,1.0988806290730693,-0.4618155811907017,1.5694963267948965
1783355609.5714347,1.098870093134479,-0.4423145584228057,1.5698963267948962
1783355609.671929,1.0988595571958888,-0.4228135356549098,1.5698963267948962
1783355609.7721612,1.0989500950410276,-0.4034114274473308,1.5680963267948964
1783355609.8725662,1.0989395591024371,-0.383910404679435,1.5674963267948965
1783355609.9731977,1.0990290173358697,-0.3644083022998331,1.5693963267948967
1783355610.073402,1.0990174017855736,-0.3448072853599141,1.5708963267948965
1783355610.174122,1.0990068658469834,-0.3253062625920181,1.5723963267948964
1783355610.2743304,1.09899201146157,-0.3054052631360302,1.5733963267948965
1783355610.3746688,1.0988782425158397,-0.285605337463771,1.5742963267948962
1783355610.4751823,1.098869865800661,-0.266304303039921,1.5711963267948965
1783355610.5754817,1.098856091026953,-0.246503297755956,1.5697963267948964
1783355610.676139,1.0988390774181278,-0.2264023099559221,1.5706963267948966
1783355610.7763152,1.09882530264442,-0.206601304671957,1.5702963267948964
1783355610.8771796,1.098909362819324,-0.1865992314322402,1.5700963267948964
1783355610.9776387,1.0988945084339106,-0.1666982319762523,1.5679963267948964
1783355611.0774636,1.0989785686088138,-0.1466961587365354,1.5682963267948966
1783355611.1783264,1.0990615491720122,-0.1265940913247957,1.5694963267948965
1783355611.2781682,1.0990445355631864,-0.1064931035247617,1.5705963267948966
1783355611.3788862,1.0990275219543613,-0.0863921157247277,1.5716963267948967
1783355611.478875,1.099011587957242,-0.0663911220967167,1.5714963267948965
1783355611.5794938,1.0989967335718285,-0.0464901226407287,1.5702963267948964
1783355611.6797152,1.0989797199630031,-0.0263891348406948,1.5702963267948964
1783355611.780754,1.0990616209144957,-0.0061870732569319,1.5692963267948965
1783355611.8804655,1.0990456869173764,0.0138139203710789,1.5680963267948964
1783355611.9808252,1.0991319063156912,0.0336160052667497,1.5671963267948963
1783355612.081311,1.0992159664905947,0.0536180785064666,1.5659963267948966
1783355612.181633,1.0993000266654984,0.0736201517461834,1.5666963267948966
1783355612.2827597,1.099384086840402,0.0936222249859003,1.5672963267948965
1783355612.3824823,1.0993713916784005,0.1133232360978422,1.5708963267948965
1783355612.483464,1.0994543722415986,0.1334253035095819,1.5716963267948967
1783355612.5833793,1.0993373644607498,0.1535252116979101,1.5727963267948968
1783355612.6839552,1.0993192712402189,0.1737261936699672,1.5729963267948963
1783355612.7841675,1.0993033372430996,0.1937271872979781,1.5717963267948964
1783355612.8849046,1.099288482857686,0.2136281867539661,1.5697963267948964
1783355612.9851332,1.0993714634208838,0.233730254165706,1.5678963267948964
1783355613.0856495,1.099458762430905,0.2534323448893537,1.5656963267948962
1783355613.1860075,1.0995471410526318,0.2730344414409785,1.5641963267948966
1783355613.2865412,1.099634440062653,0.2927365321646263,1.5654963267948965
1783355613.3867717,1.099721739072674,0.3124386228882741,1.5669963267948965
1783355613.4872072,1.0998057992475778,0.332440696127991,1.5686963267948966
1783355613.587605,1.0997941836972818,0.35204171306791,1.5719963267948964
1783355613.688319,1.0997793293118685,0.3719427125238979,1.5733963267948965
1783355613.7882705,1.0996666399778434,0.3916426440241341,1.5747963267948968
1783355613.8914332,1.0995496321969953,0.4117425522124622,1.5733963267948965
1783355613.9908729,1.099533698199876,0.4317435458404733,1.5710963267948963
1783355614.0897748,1.0996177583747797,0.45174561908019,1.5692963267948965
1783355614.1910236,1.0996007447659544,0.471846606880224,1.5688963267948965
1783355614.290199,1.0996837253291525,0.4919486742919639,1.5678963267948964
1783355614.3917572,1.09976670589235,0.5120507417037037,1.5655963267948965
1783355614.4911957,1.0998496864555478,0.5321528091154435,1.5672963267948965
1783355614.5918117,1.099936985465569,0.5518548998390913,1.5687963267948963
1783355614.6930046,1.0999210514684497,0.5718558934671022,1.5681963267948964
1783355614.7923484,1.1000072708667643,0.5916579783627731,1.5704963267948966
1783355614.893671,1.09999025725794,0.611758966162807,1.5723963267948964
1783355614.993475,1.0998970009346198,0.6296590025666292,1.5756963267948965
1783355615.0943544,1.0997642086948032,0.6419582857254579,1.5830963267948965
1783355615.193668,1.0995314222829633,0.6542564892725806,1.5975963267948963
1783355615.2945385,1.099516307719082,0.6556564076809026,1.5906963267948966
1783355615.3943434,1.09952710383614,0.6546564659606726,1.5918963267948962
1783355615.495544,1.099521705777611,0.6551564368207876,1.5931963267948965
1783355615.5954156,1.0994612475220846,0.6607561104540755,1.5770963267948963
1783355615.6963646,1.0996144028461612,0.6743585566843204,1.5495963267948967
1783355615.7965796,1.1000027639839571,0.6939638920710627,1.5601963267948966
1783355615.897704,1.0999933076570725,0.7133649206669357,1.5724963267948964
1783355615.9972465,1.099887095993283,0.732464887135034,1.5778963267948967
1783355616.097849,1.0997733270475518,0.7522648128072931,1.5751963267948963
1783355616.1976771,1.0997638707206674,0.7716658414031661,1.5744963267948966
1783355616.298437,1.099656579445172,0.7908658020432873,1.5727963267948968
1783355616.3984022,1.0996438842831702,0.8105668131552292,1.5723963267948964
1783355616.499246,1.0996301095094625,0.8303678184391943,1.5728963267948968
1783355616.5993314,1.0996195735708725,0.8498688412070903,1.5699963267948964
1783355616.7005408,1.0996079580205762,0.8694698581470092,1.5695963267948965
1783355616.799934,1.0996984958657148,0.8888719663545881,1.5677963267948964
1783355616.900225,1.0996879599271243,0.908372989122484,1.5681963267948964
1783355617.0009086,1.0997763385488513,0.9279750856741088,1.5694963267948965
1783355617.1010182,1.0997614841634376,0.9478760851300968,1.5696963267948965
1783355617.201554,1.0998060084218446,0.96227740512482,1.5909963267948966
1783355617.3016691,1.099322901632404,0.9699726379237674,1.6542963267948965
1783355617.402516,1.0993196627972863,0.9702726204398364,1.6530963267948964
1783355617.5024126,1.0993185831855807,0.9703726146118594,1.6528963267948962
1783355617.602465,1.0993196627972863,0.9702726204398364,1.6532963267948968
1783355617.702891,1.0993196627972863,0.9702726204398364,1.6536963267948965
1783355617.8032465,1.0993196627972863,0.9702726204398364,1.6528963267948962
1783355617.90425,1.099431532698074,0.9691737641592892,1.6439963267948965
1783355618.0040412,1.0995488006573897,0.9675749370186272,1.6310963267948966
1783355618.10451,1.0995639152212713,0.9661750186103052,1.6196963267948965
1783355618.20525,1.0996790239571763,0.9647761798136892,1.6069963267948968
1783355618.3055332,1.0996962977444695,0.9631762730613213,1.5938963267948965
1783355618.405956,1.0997664725053484,0.9566766518798264,1.5641963267948966
1783355618.5058422,1.099155451177684,0.9391690348821554,1.5204963267948968
1783355618.607008,1.0974621774616788,0.9107490977935078,1.5109963267948965
1783355618.7072463,1.0958574319055514,0.8741296385989744,1.5404963267948966
1783355618.8070066,1.0954670610824946,0.8269226728987676,1.5782963267948964
1783355618.9075882,1.0966370610953091,0.7741322277408603,1.6020963267948964
1783355619.0077446,1.0985027018654614,0.7217493165529859,1.6064963267948962
1783355619.1085231,1.100065121284427,0.6696631490460629,1.5954963267948965
1783355619.2086174,1.1010254164478428,0.6177704922129509,1.5841963267948966
1783355619.3093324,1.1015835756997552,0.5660735052770616,1.5796963267948962
1783355619.4093916,1.1019320301022697,0.5152743066659677,1.5765963267948966
1783355619.510743,1.10228912139843,0.4636751546786898,1.5759963267948967
1783355619.6103308,1.1022343602777347,0.4131716201368415,1.5645963267948966
1783355619.7114756,1.101780292364034,0.3718643105859915,1.5545963267948966
1783355619.811024,1.101205977834368,0.3509568917395386,1.5291963267948965
1783355619.9133694,1.1007355662069291,0.338951113426544,1.5332963267948965
1783355620.012147,1.1002651545794904,0.3269453351135494,1.5376963267948964
1783355620.112893,1.0998882594538395,0.3155406014443988,1.5371963267948965
1783355620.2127376,1.099516762386718,0.303635896915133,1.5379963267948962
1783355620.312226,1.0992955915251743,0.2963330835223366,1.5427963267948968
1783355620.4123588,1.099279397349587,0.2978329961026816,1.5348963267948965
1783355620.5130014,1.0992826361847043,0.2975330135866127,1.5273963267948965
1783355620.6131728,1.0992837157964102,0.2974330194145897,1.5261963267948964
1783355620.713427,1.099376152686493,0.2981340582304566,1.4207963267948964
1783355620.814482,1.099279397349587,0.2978329961026816,1.2801963267948966
1783355620.914021,1.09908480706407,0.297330866019155,1.1468963267948966
1783355621.0150857,1.0990837274523642,0.2974308601911781,1.0055963267948964
1783355621.1148336,1.0988858983317298,0.2972287126237204,0.8658963267948964
1783355621.215626,1.0987880633831186,0.2970276446679686,0.7231963267948965
1783355621.3153903,1.0986891488228014,0.2969265708842398,0.5820963267948964
1783355621.415988,1.0985891546507784,0.296925491272534,0.4387963267948965
1783355621.5162938,1.0984891604787554,0.2969244116608281,0.2965963267948964
1783355621.617833,1.0983902459184385,0.2968233378770992,0.15339632679489643
1783355621.718083,1.0978902750583233,0.2968179398185702,0.0333963267948965
1783355621.8172555,1.100491203142627,0.2967460155508986,-0.023703673205103484
1783355621.9178,1.1103949446197268,0.2964529204216835,-0.027303673205103435
1783355622.017949,1.1280971519029146,0.2963440291775459,0.0065963267948964234
1783355622.1182542,1.1470960445872844,0.296549155401653,0.015096326794896425
1783355622.220013,1.1661938518319706,0.2968553554094889,0.018396326794896486
1783355622.3210845,1.1850916707326111,0.2971593961939131,0.013296326794896488
1783355622.41949,1.204389466321344,0.2974677554251606,0.011396326794896489
1783355622.5200543,1.2181886620605171,0.2976167418405647,0.03709632679489644
1783355622.6209507,1.2232862056102785,0.2978717903816079,0.07439632679489641
1783355622.720334,1.2234851143426186,0.2979739437770426,0.0741963267948963
1783355622.8206854,1.2230862172662325,0.2978696311581962,0.07649632679489637
1783355622.9210212,1.2227862347501637,0.2978663923230788,0.07569632679489635
1783355623.0213156,1.2231862114382557,0.297870710769902,0.07149632679489633
1783355623.1222012,1.2198874833732023,0.2977350894115868,0.04429632679489631
1783355623.2223969,1.2150888427278046,0.2975832738776841,0.0036963267948963733
1783355623.3226674,1.207487126430645,0.2977012117320873,-0.01640367320510336
1783355623.4233134,1.1912815928926848,0.2981262796678813,-0.030103673205103324
1783355623.523091,1.1694731468863189,0.298790871864218,-0.02890367320510342
1783355623.624141,1.1472658038035668,0.2993511514417085,-0.022303673205103482
1783355623.725852,1.1253595228485902,0.2998146756822935,-0.01730367320510335
1783355623.8244398,1.112457035822506,0.2999753882883108,-0.0012036732051034014
1783355623.924852,1.1030565040406386,0.2999738989599861,0.0028963267948964593
1783355624.0245566,1.0980567954394886,0.2999199183746948,-0.003303673205103313
1783355624.1248567,1.0975568245793736,0.2999145203161656,-0.010403673205103332
1783355624.2257872,1.0980567954394886,0.2999199183746948,-0.00830367320510346
1783355624.3260715,1.0987567546436496,0.2999274756566356,-0.01580367320510331
1783355624.4258962,1.0987567546436496,0.2999274756566356,-0.13450367320510345
1783355624.5268855,1.0984556925158748,0.300024230993541,-0.2854036732051033
1783355624.6267705,1.0983556983438518,0.3000231513818351,-0.4343036732051035
1783355624.727013,1.098254624560123,0.3001220659421523,-0.5844036732051036
1783355624.8272564,1.098053556604371,0.3002199008907637,-0.7370036732051034
1783355624.928394,1.0978503294252075,0.3005177241834211,-0.8842036732051035
1783355625.0279105,1.0978503294252075,0.3005177241834211,-1.0350036732051033
1783355625.1285813,1.0978524886486192,0.3003177358393751,-1.1863036732051035
1783355625.2288444,1.098060034274606,0.2996199358586257,-1.3385036732051034
1783355625.328941,1.098165426505158,0.2991210446102166,-1.4903036732051036
1783355625.4302814,1.0981708245636874,0.2986210737501016,-1.6448036732051035
1783355625.5294943,1.0981708245636874,0.2986210737501016,-1.7999036732051035
1783355625.6307817,1.0981708245636874,0.2986210737501016,-1.9498036732051034
1783355625.7301989,1.0980719100033702,0.2985199999663728,-2.1097036732051033
1783355625.8309474,1.0983675740726158,0.2989232154895822,-2.2654036732051037
1783355625.930791,1.0987632323138845,0.2993275106244975,-2.426303673205104
1783355626.031372,1.0988632264859075,0.2993285902362033,-2.5856036732051035
1783355626.131853,1.0982654206771811,0.2991221242219224,-2.742103673205104
1783355626.2322652,1.09856540319325,0.2991253630570399,-2.9014036732051034
1783355626.3326566,1.098365414849204,0.2991232038336282,-3.0563036732051034
1783355626.433005,1.0984654090212271,0.299124283445334,3.1276963267948963
1783355626.5327716,1.0892616267482884,0.29942493585649,3.1086963267948966
1783355626.6334946,1.0733571553381025,0.2997532484553785,3.1319963267948965
1783355626.733455,1.0541561150862753,0.2997459513519058,-3.1380889803846896
1783355626.837062,1.0351561427902003,0.2996408192998217,-3.1329889803846895
1783355626.934868,1.0160572559338077,0.2994346134640087,-3.13568898038469
1783355627.0344532,0.996857295293687,0.299327322188513,-3.1374889803846897
1783355627.1351335,0.9773573521374967,0.2992167920778998,-3.13438898038469
1783355627.2353191,0.9580573973253526,0.2991084211906983,-3.1365889803846896
1783355627.3355122,0.9388563570735255,0.2991011240872255,-3.14138898038469
1783355627.4364033,0.9194553284776524,0.2990916677603412,-3.13778898038469
1783355627.5361314,0.8996554028053938,0.2989778988146105,-3.13758898038469
1783355627.636537,0.8799554713051572,0.2988652094805856,-3.13838898038469
1783355627.7368932,0.8604544485372615,0.2988546735419954,-3.1391889803846897
1783355627.8371596,0.8406534432532965,0.2988408987682877,-3.1397889803846897
1783355627.938125,0.821052426313377,0.2988292832179916,3.1406963267948966
1783355628.0378404,0.801651397717504,0.2988198268911072,-3.1411889803846895
1783355628.1385295,0.7821503749496084,0.2988092909525169,3.1407963267948964
1783355628.2389686,0.7623493696656434,0.2987955161788093,3.1405963267948964
1783355628.3388507,0.7426483585537014,0.2987828210168074,-3.14008898038469
1783355628.4393246,0.7227505979328308,0.2984679841153249,-3.13838898038469
1783355628.5395374,0.7031463421577945,0.2987563510810979,-3.1397889803846897
1783355628.643062,0.6836463990016041,0.2986458209704846,-3.1388889803846896
1783355628.7410245,0.6639453878896621,0.2986331258084827,-3.1388889803846896
1783355628.8405232,0.6443443709497431,0.2986215102581867,-3.14138898038469
1783355628.940971,0.6246433598378012,0.2986088150961848,-3.1414889803846897
1783355629.0412066,0.6047423603818132,0.2985939607107714,3.1407963267948964
1783355629.1416154,0.5851402638301884,0.2986823393324982,3.1379963267948967
1783355629.2425404,0.5652392643742002,0.2986674849470848,3.1389963267948966
1783355629.3423235,0.5450372027904377,0.2987493858985767,3.1398963267948967
1783355629.443987,0.5246362324743347,0.2987291334546341,3.1409963267948964
1783355629.5441036,0.5044352505022776,0.298711040234103,-3.1405889803846896
1783355629.6433043,0.4843342627022435,0.2986940266252779,-3.14068898038469
1783355629.7441432,0.4644332632462555,0.2986791722398643,-3.14158898038469
1783355629.844036,0.4445311841785619,0.2987643120264738,3.1409963267948964
1783355629.9443693,0.4248301730666198,0.298751616864472,3.1404963267948967
1783355630.0451586,0.405128082342972,0.298838915874493,3.1385963267948966
1783355630.1450436,0.385527065403053,0.2988273003241971,3.1379963267948967
1783355630.2459526,0.3658249746794051,0.2989145993342181,3.1392963267948963
1783355630.3464277,0.3457229072676653,0.2989975798974159,3.1378963267948965
1783355630.4464955,0.3257219136396544,0.2989816459002966,3.1394963267948963
1783355630.5469108,0.3053198637118456,0.299061387628377,3.1407963267948964
1783355630.647944,0.2849188933957426,0.2990411351844343,3.1410963267948966
1783355630.747103,0.2645179230796398,0.2990208827404916,-3.14068898038469
1783355630.8488743,0.2443169411075827,0.2990027895199606,-3.1395889803846897
1783355630.9484704,0.2241159591355257,0.2989846962994296,-3.1403889803846896
1783355631.0485442,0.2040149713354919,0.2989676826906045,-3.14158898038469
1783355631.1486337,0.1839139835354579,0.2989506690817792,3.1413963267948963
1783355631.2487693,0.163911910295741,0.2990347292566829,3.1407963267948964
1783355631.349436,0.144210899183799,0.299022034094681,3.1390963267948964
1783355631.4502516,0.1242088259440821,0.2991060942695847,3.1382963267948965
1783355631.549874,0.1042067527043653,0.2991901544444882,3.1383963267948967
1783355631.6503124,0.0843057532483775,0.2991753000590748,3.1406963267948966
1783355631.7505722,0.0641047712763204,0.2991572068385437,-3.1395889803846897
1783355631.8546326,0.0441037776483096,0.2991412728414245,-3.1382889803846896
1783355631.952449,0.0238038811159354,0.2990221058371646,-3.1388889803846896
1783355632.0515115,0.0040028758319704,0.2990083310634569,-3.13988898038469
1783355632.1520236,-0.0156981352799715,0.2989956359014551,-3.1408889803846898
1783355632.2521875,-0.0356991289079826,0.2989797019043356,3.1399963267948965
1783355632.3531656,-0.0557012021476994,0.2990637620792394,3.1385963267948966
1783355632.453293,-0.0755032870433703,0.2991499814775546,3.1379963267948967
1783355632.5533383,-0.0954053661110641,0.2992351212641641,3.1379963267948967
1783355632.6535828,-0.1156063480831212,0.299217028043633,3.1381963267948967
1783355632.7540553,-0.1359084038389068,0.2992978493834193,3.1396963267948963
1783355632.854151,-0.1560104712506467,0.299380829946617,3.1407963267948964
1783355632.9550264,-0.1762114532227037,0.299362736726086,-3.13988898038469
1783355633.054897,-0.1963113614110319,0.2992457289452379,-3.13968898038469
1783355633.155378,-0.2165123433830887,0.2992276357247068,-3.14048898038469
1783355633.255587,-0.2364133428390765,0.2992127813392933,3.1412963267948966
1783355633.3559723,-0.2562154277347473,0.2992990007376087,3.1400963267948967
1783355633.4566238,-0.2762164213627584,0.2992830667404892,3.1381963267948967
1783355633.5567856,-0.2960185062584293,0.2993692861388046,3.1386963267948964
1783355633.6582327,-0.3157205969820771,0.2994565851488257,3.1390963267948964
1783355633.758197,-0.335521602266042,0.299442810375118,3.1392963267948963
1783355633.857792,-0.3557236638498049,0.29952471132661,3.1391963267948966
1783355633.959264,-0.3761246341659078,0.2995044588826673,-3.1408889803846898
1783355634.0583763,-0.3961256277939187,0.299488524885548,-3.1393889803846897
1783355634.159062,-0.4162266155939527,0.2994715112767228,-3.1399889803846897
1783355634.259972,-0.4363276033939868,0.2994544976678977,-3.1401889803846896
1783355634.3594325,-0.4564285911940207,0.2994374840590724,-3.1401889803846896
1783355634.459922,-0.4764295848220317,0.2994215500619531,3.1413963267948963
1783355634.560212,-0.4961305959339737,0.2994088548999511,3.1399963267948965
1783355634.6617775,-0.5157326924855985,0.2994972335216782,3.1380963267948965
1783355634.7626922,-0.5355336977695635,0.2994834587479704,3.1376963267948965
1783355634.8613262,-0.5552357884932113,0.2995707577579915,3.1387963267948966
1783355634.9617712,-0.5751378675609051,0.299655897544601,3.1402963267948967
1783355635.0624542,-0.5952388553609391,0.2996388839357758,3.1402963267948967
1783355635.1629105,-0.6156398256770421,0.2996186314918333,-3.13948898038469
1783355635.2639008,-0.635840807649099,0.2996005382713022,-3.13738898038469
1783355635.3630393,-0.6559407158374272,0.299483530490454,-3.13818898038469
1783355635.4635134,-0.6760417036374612,0.2994665168816289,-3.1388889803846896
1783355635.5637722,-0.6960426972654722,0.2994505828845095,3.1407963267948964
1783355635.664343,-0.7160436908934832,0.2994346488873901,3.1391963267948966
1783355635.7653918,-0.7359457699611769,0.2995197886739996,3.1381963267948967
1783355635.864709,-0.7559478432008938,0.2996038488489033,3.1381963267948967
1783355635.96575,-0.7761499047846565,0.2996857498003952,3.1384963267948964
1783355636.0653305,-0.7963508867567135,0.2996676565798643,3.1388963267948964
1783355636.1661246,-0.8164529541684533,0.299750637143062,3.1401963267948965
1783355636.2661471,-0.8365539419684873,0.2997336235342368,3.1407963267948964
1783355636.367007,-0.8568559977242731,0.2998144448740231,-3.14048898038469
1783355636.4666314,-0.8769559059126014,0.2996974370931748,-3.1391889803846897
1783355636.5683095,-0.8967569111965663,0.2996836623194672,-3.1401889803846896
1783355636.667533,-0.9167579048245772,0.2996677283223478,3.1406963267948966
1783355636.76926,-0.936559989720248,0.2997539477206631,3.1398963267948967
1783355636.868204,-1.0330565249458514,0.2989121107685863,3.1380963267948965
1783355636.9696894,-0.9760630857278608,0.2998274719569765,3.1378963267948965
1783355637.0686784,-0.9960651589675776,0.2999115321318802,3.1391963267948966
1783355637.169935,-1.0160672322072943,0.2999955923067838,3.1391963267948966
1783355637.2693918,-1.0361682200073286,0.2999785786979587,3.1414963267948965
1783355637.371106,-1.0561692136353396,0.2999626447008393,-3.1408889803846898
1783355637.4699266,-1.0761702072633503,0.29994671070372,-3.1393889803846897
1783355637.570707,-1.096371189235407,0.2999286174831889,-3.1392889803846895
1783355637.671711,-1.1162711090796895,0.2998137689257524,-3.1392889803846895
1783355637.771087,-1.1361721085356775,0.2997989145403388,-3.14048898038469
1783355637.8716872,-1.1559731138196423,0.2997851397666312,3.1395963267948965
1783355637.9716754,-1.175575210371267,0.2998735183883581,3.1376963267948965
1783355638.072114,-1.1952773010949151,0.2999608173983792,3.1374963267948965
1783355638.1723063,-1.21487939764654,0.3000491960201061,3.1393963267948966
1783355638.2733967,-1.234980385446574,0.300032182411281,3.1387963267948966
1783355638.3735168,-1.2549824586862908,0.3001162425861846,-3.14158898038469
1783355638.474558,-1.2750834464863243,0.3000992289773595,-3.13968898038469
1783355638.573974,-1.2952833488466755,0.2999811415848055,-3.1367889803846896
1783355638.6758664,-1.3148832861748891,0.2998695318624864,-3.1352889803846895
1783355638.7748835,-1.3320833633745504,0.2997838328211071,-3.13228898038469
1783355638.8753843,-1.3430816426853742,0.2995650813614433,-3.1261036732051033
1783355638.9749427,-1.3533799627920369,0.2993538871837201,-3.1171036732051034
1783355639.075235,-1.3545798928563129,0.2993409318432503,-3.1173036732051034
1783355639.1755292,-1.3543799045122669,0.2993430910666619,-3.1171036732051034
1783355639.27606,-1.354279910340244,0.2993441706783677,-3.1165036732051035
1783355639.3762796,-1.353879933652152,0.2993484891251911,-3.1248036732051037
1783355639.476956,-1.3585807393489386,0.2993977415470401,3.1293963267948963
1783355639.5769155,-1.3720853506305724,0.2997519648268685,3.1105963267948966
1783355639.6782217,-1.3912907093292224,0.3001446444114877,3.1348963267948964
1783355639.777661,-1.4104917495810494,0.300137347308015,-3.1355889803846897
1783355639.8785782,-1.4298906189535108,0.2999279026370846,-3.1327889803846896
1783355639.9784048,-1.449090579593632,0.2998206113615889,-3.13608898038469
1783355640.0797913,-1.4688905052658914,0.2997068424158582,-3.1389889803846898
1783355640.1791255,-1.4883915280337874,0.299696306477268,-3.1393889803846897
1783355640.280757,-1.5045916635132186,0.299621403552947,-3.1259036732051033
1783355640.3798711,-1.512287975923872,0.2992382909355294,-3.0624036732051034
1783355640.4806075,-1.5163844981416972,0.2988940443395216,-3.0296036732051035
1783355640.5817575,-1.5164834127020144,0.2987929705557927,-3.0289036732051033
1783355640.681537,-1.5159845214536052,0.2988983627863448,-3.0325036732051034
1783355640.781346,-1.514585682656989,0.2990134715222494,-3.0416036732051035
1783355640.8816664,-1.514385694312943,0.299015630745661,-3.0445036732051034
1783355640.9826005,-1.5119879934078029,0.2992415297706469,-3.0670036732051034
1783355641.0833457,-1.5066904615139958,0.2994987375351017,-3.1143036732051037
1783355641.1828222,-1.498190956892041,0.299590504530097,3.1361963267948965
1783355641.2833822,-1.4793866544931884,0.2992935006706775,3.1290963267948966
1783355641.383623,-1.4537838280084778,0.2991699045792771,-3.14028898038469
1783355641.4843605,-1.425185494809901,0.2994786735271435,-3.1275036732051036
1783355641.5846677,-1.3976881771152827,0.2998755609182689,-3.1237036732051036
1783355641.686105,-1.376591566041842,0.3003033473322443,-3.1210036732051036
1783355641.7853837,-1.365093315870903,0.3005274968504374,-3.1205036732051035
1783355641.8867805,-1.3554949549684012,0.3007311337462197,-3.1161036732051035
1783355641.9854815,-1.3465976328817664,0.3010272075320843,-3.1118036732051033
1783355642.0862167,-1.3457976795055824,0.3010358444257309,-3.1143036732051037
1783355642.1873162,-1.3461976561936744,0.3010315259789076,-3.1129036732051034
1783355642.2870293,-1.3463976445377204,0.301029366755496,-3.1099036732051033
1783355642.3872426,-1.3474975804299734,0.3010174910267318,3.1084963267948966
1783355642.4874969,-1.3475975746019964,0.301016411415026,2.9722963267948965
1783355642.5882766,-1.347496500818267,0.3009174968547088,2.8342963267948966
1783355642.6881845,-1.347496500818267,0.3009174968547088,2.6951963267948966
1783355642.7890532,-1.346792223167283,0.3005250774485576,2.5574963267948965
1783355642.8890164,-1.3464900814278025,0.3003283279396291,2.4177963267948965
1783355642.9902132,-1.3462879338603448,0.3001304988189948,2.2749963267948967
1783355643.0898564,-1.3461857804649102,0.2999315900866547,2.1327963267948964
1783355643.1906247,-1.3461847008532044,0.2998315959146317,1.9888963267948965
1783355643.2903864,-1.3460836270694756,0.2997326813543145,1.8435963267948965
1783355643.3912616,-1.346080388234358,0.2994326988382455,1.6996963267948966
1783355643.4918983,-1.346081467846064,0.2995326930102685,1.5872963267948965
1783355643.5917315,-1.3463149241529906,0.3026303531195697,1.5449963267948965
1783355643.6927197,-1.3456445241815058,0.314638290655976,1.5409963267948965
1783355643.7927284,-1.345336724205028,0.3324426513345984,1.5712963267948965
1783355643.8936188,-1.345649401883099,0.352140423611423,1.5883963267948964
1783355643.9930823,-1.345959920337758,0.3716382075442015,1.5852963267948963
1783355644.0945847,-1.3461758426789234,0.3916370419488008,1.5828963267948966
1783355644.1952448,-1.3464895999687003,0.4114348083976483,1.5832963267948965
1783355644.2943735,-1.3467066019215714,0.4315336369742706,1.5809963267948968
1783355644.394811,-1.3469182058159137,0.451132494690778,1.5816963267948965
1783355644.4952445,-1.3470319747616442,0.4709324203630371,1.5798963267948964
1783355644.5964327,-1.3472457378793978,0.4907312664235905,1.5779963267948964
1783355644.696002,-1.3473551883783053,0.5101312154077576,1.5800963267948966
1783355644.7966266,-1.3475667922726473,0.529730073124265,1.5786963267948966
1783355644.8970273,-1.347680561218378,0.5495299987965241,1.5793963267948965
1783355644.9971185,-1.3478943243361317,0.5693288448570775,1.5799963267948964
1783355645.097617,-1.3481091670655911,0.5892276850896538,1.5793963267948965
1783355645.1980584,-1.3482240156230276,0.6091276049339359,1.5787963267948966
1783355645.299117,-1.348338864180464,0.6290275247782182,1.5769963267948965
1783355645.3987782,-1.3484526331261948,0.6488274504504773,1.5750963267948965
1783355645.499605,-1.3485664020719257,0.6686273761227365,1.5730963267948965
1783355645.6004918,-1.3485780176222215,0.6882283930626555,1.5740963267948964
1783355645.700215,-1.3485896331725176,0.7078294100025744,1.5718963267948964
1783355645.8006446,-1.3486023283345194,0.7275304211145165,1.5710963267948963
1783355645.901007,-1.3486858681524871,0.7445305099701317,1.5818963267948962
1783355646.0019183,-1.3490689807699048,0.7522268223807849,1.6471963267948966
1783355646.1016245,-1.3495164603730532,0.7566222475029735,1.6828963267948964
1783355646.2018642,-1.349517539984759,0.7567222416749965,1.6834963267948966
1783355646.3023877,-1.3494132273659123,0.7563233445986104,1.6813963267948966
1783355646.402472,-1.3494067496956776,0.7557233795664724,1.6759963267948965
1783355646.5031714,-1.349404590472266,0.7555233912224264,1.6745963267948965
