timestamp,x,y,phi_unmodified
1785157920.11537,0.157,1.8637,-1.5707963267949
1785157920.21731,0.157,1.8637,-1.5707963267949
1785157920.31963,0.157,1.8637,-1.5707963267949
1785157920.41911,0.157,1.8637,-1.5707963267949
1785157920.51713,0.157,1.8637,-1.5707963267949
1785157920.61858,0.157,1.8637,-1.5707963267949
1785157920.71807,0.157,1.8637,-1.5707963267949
1785157920.81875,0.157,1.8637,-1.5707963267949
1785157920.92074,0.157,1.8637,-1.5707963267949
1785157921.01965,0.157,1.8637,-1.5707963267949
1785157921.12127,0.157,1.8637,-1.5707963267949
1785157921.22079,0.157,1.8637,-1.5707963267949
1785157921.32178,0.157,1.8637,-1.5707963267949
1785157921.42394,0.156994426588676,1.86320046531424,-1.5706963267949
1785157921.52396,0.156894105184834,1.85420884097053,-1.5825963267949
1785157921.62563,0.156258164796066,1.83303302902331,-1.5869963267949
1785157921.72507,0.155395243691947,1.800468940923,-1.5829963267949
1785157921.82593,0.154718345808265,1.75771100118636,-1.5706963267949
1785157921.92623,0.154623754846834,1.70445503027288,-1.5596963267949
1785157922.02736,0.155014907917297,1.64100186367627,-1.5420963267949
1785157922.12827,0.157100720405865,1.56823728764374,-1.5204963267949
1785157922.22784,0.161686021221081,1.48665191940292,-1.4893963267949
1785157922.32941,0.169474617652069,1.39663758392657,-1.4611963267949
1785157922.42894,0.180124845427997,1.30339390067567,-1.4327963267949
1785157922.52962,0.194701125707326,1.20381149309357,-1.3988963267949
1785157922.63004,0.213643214800203,1.10148255218871,-1.3563963267949
1785157922.73178,0.237590682891078,0.999997039604973,-1.3016963267949
1785157922.83197,0.267650309064479,0.900042042397514,-1.3143963267949
1785157922.93166,0.304438255177293,0.803109476530027,-1.1599963267949
1785157923.03336,0.348871518580131,0.710787820856564,-1.0692963267949
1785157923.13271,0.401368676620103,0.624771034579654,-0.961096326794896
1785157923.23342,0.464424058679222,0.544731529831218,-0.834396326794896
1785157923.33378,0.535980862321092,0.474389271613453,-0.707496326794897
1785157923.43487,0.617231282697951,0.413131442116265,-0.574096326794897
1785157923.53492,0.704704214701561,0.363294914773429,-0.453996326794896
1785157923.63586,0.796985355660083,0.323496598016521,-0.348996326794897
1785157923.73758,0.890975361157266,0.29357123312145,-0.258696326794897
1785157923.83692,0.987443390269177,0.270812415326984,-0.192996326794897
1785157923.93691,1.0869643616089,0.253015503922184,-0.144896326794897
1785157924.03887,1.18523893283209,0.239928709432985,-0.103796326794896
1785157924.13836,1.28664294489269,0.229704660970989,-0.0774963267948964
1785157924.23917,1.38737659013211,0.222085995650807,-0.0542963267948965
1785157924.33904,1.4885332714477,0.216560917281763,-0.0348963267948965
1785157924.43955,1.59051038722354,0.212925153260492,-0.0161963267948966
1785157924.54163,1.69230663872358,0.21099003653534,-0.00179632679489658
1785157924.64079,1.79401747415591,0.210354824675433,0.00980367320510333
1785157924.74268,1.89493908623141,0.210627692708014,0.0169036732051032
1785157924.84201,1.9958673864005,0.211500002363509,0.0215036732051034
1785157924.94902,2.10299883413115,0.213102457215799,0.0294036732051035
1785157925.05805,2.21123706094632,0.215391999123241,0.0340036732051035
1785157925.164,2.3060844141363,0.217531187642723,0.0321036732051033
1785157925.26916,2.39113531407403,0.219280080338403,0.0326036732051033
1785157925.37289,2.45739590705128,0.220539184739819,0.0261036732051033
1785157925.47423,2.51136014398295,0.221236046499752,0.0205036732051033
1785157925.57865,2.55532922847033,0.221644748737566,0.0225036732051033
1785157925.6848,2.59160547879699,0.222139281509778,0.0251036732051034
1785157925.7919,2.61968713091263,0.222525404353406,0.0232036732051035
1785157925.90627,2.64357046230335,0.222758529977857,0.0205036732051033
1785157926.01178,2.66505602720241,0.223018407976664,0.0257036732051034
1785157926.11743,2.68014643344146,0.223249718703273,0.0225036732051033
1785157926.22006,2.69443535481876,0.223290133013697,0.0164036732051034
1785157926.32143,2.708024927636,0.223338350099975,0.0174036732051034
1785157926.42329,2.72101617351259,0.223493162216994,0.0189036732051032
1785157926.52754,2.73360667695831,0.223552526125922,0.0154036732051033
1785157926.62716,2.74529801796965,0.223621922175233,0.0164036732051034
1785157926.7298,2.75668963816954,0.223694662271339,0.0158036732051033
1785157926.82995,2.76867958531008,0.223660807336703,0.0132036732051035
1785157926.93258,2.77917204307559,0.223743579573193,0.0191036732051035
1785157927.03796,2.78936478002965,0.223829695856477,0.00980367320510333
1785157927.14573,2.79845631131051,0.223728259770371,0.00830367320510326
1785157927.24914,2.80834821277085,0.223717813163298,0.00980367320510333
1785157927.35661,2.81774057954543,0.22371293996755,0.00630367320510333
1785157927.46422,2.82723285325716,0.223706952089537,0.00490367320510346
1785157927.57163,2.83522540822934,0.223617777508345,0.00670367320510319
1785157927.67958,2.84451786806677,0.223614018994861,0.00200367320510329
1785157927.78088,2.85500809646775,0.223496977357047,3.67320510341607E-06
1785157927.88413,2.86360009306285,0.223401114682265,0.00170367320510334
1785157927.98481,2.8637,0.2234,0.00130367320510342
1785157928.08734,2.8637,0.2234,0.00130367320510342
1785157928.18704,2.8637,0.2234,0.00130367320510342
1785157928.28669,2.8637,0.2234,0.00130367320510342
1785157928.38744,2.8637,0.2234,0.00150367320510342
1785157928.48785,2.8637,0.2234,0.00150367320510342
1785157928.59007,2.8617,0.2234,0.00790367320510332
1785157928.68915,2.8496,0.223,0.0340036732051035
1785157928.78971,2.83,0.2225,0.0235036732051033
1785157928.89063,2.808,0.222,0.0167036732051032
1785157928.99129,2.7857,0.2217,0.0123036732051032
1785157929.0933,2.7666,0.2215,0.0117036732051033
1785157929.19271,2.7531,0.2213,0.0131036732051035
1785157929.29301,2.7438,0.2212,0.00880367320510319
1785157929.39335,2.7344,0.2211,0.00880367320510319
1785157929.49346,2.7254,0.2211,0.00680367320510314
1785157929.59494,2.7242,0.221,0.00270367320510329
1785157929.69425,2.7251,0.2211,0.00290367320510338
1785157929.79486,2.7247,0.221,0.0605036732051033
1785157929.89559,2.7256,0.2211,0.257903673205103
1785157929.99589,2.7254,0.221,0.565303673205103
1785157930.09697,2.7254,0.221,0.875703673205103
1785157930.19775,2.7255,0.2212,1.1836036732051
1785157930.29997,2.7255,0.221,1.4320036732051
1785157930.39935,2.7254,0.2205,1.5200036732051
1785157930.49906,2.7254,0.221,1.5741036732051
1785157930.59966,2.7255,0.2175,1.6072036732051
1785157930.69954,2.7258,0.2037,1.5811036732051
1785157930.80117,2.7262,0.182,1.5931036732051
1785157930.90173,2.7267,0.1578,1.5930036732051
1785157931.00156,2.7272,0.1373,1.5757036732051
1785157931.10311,2.7272,0.1363,1.5726036732051
1785157931.20252,2.7272,0.1363,1.5720036732051
1785157931.30351,2.72719370041286,0.136000216593827,1.5720036732051
1785157931.40373,2.72719370041286,0.136000216593827,1.5720036732051
1785157931.5037,2.72719370041286,0.136000216593827,1.5720036732051
1785157931.60513,2.72719370041286,0.136000216593827,1.5720036732051
1785157931.70464,2.72719370041286,0.136000216593827,1.5720036732051
1785157931.80666,2.72719370041286,0.136000216593827,1.5720036732051
1785157931.90756,2.7272533621516,0.143596829412599,1.5720036732051
1785157932.00844,2.72786479078196,0.163178478891171,1.5616036732051
1785157932.10913,2.72840742086782,0.19375848618324,1.5868036732051
1785157932.20859,2.7273739359288,0.234968638016254,1.6371036732051
1785157932.31099,2.72354210385403,0.285734926916125,1.6907036732051
1785157932.40994,2.7158001196466,0.345480884556672,1.7470036732051
1785157932.51027,2.70281532408171,0.412634964315896,1.8133036732051
1785157932.61069,2.68344231436438,0.485021853034691,1.8861036732051
1785157932.7112,2.65636523016883,0.561869426507521,1.9662036732051
1785157932.81263,2.62093200812324,0.640692088857211,2.0566036732051
1785157932.91222,2.57610137295946,0.719512282666396,2.1506036732051
1785157933.01302,2.52145471470785,0.797439057166069,2.2467036732051
1785157933.11313,2.45851738301808,0.870941341486146,2.3427036732051
1785157933.21359,2.38729357761489,0.940218991230743,2.4316036732051
1785157933.31536,2.31041625342011,1.00211754825184,2.5291036732051
1785157933.41448,2.22699025993998,1.05685576691496,2.6229036732051
1785157933.51506,2.13910988129296,1.10418969450604,2.7055036732051
1785157933.61544,2.0472768563517,1.14420875951523,2.7887036732051
1785157933.71727,1.95090211761576,1.1774252001271,2.8613036732051
1785157933.81745,1.85458024411742,1.20364249487017,2.9269036732051
1785157933.91947,1.7542246952842,1.22344637711225,3.0003036732051
1785157934.01955,1.65372635580922,1.2364551688144,3.0623036732051
1785157934.11922,1.55218377561158,1.24258784093598,3.1349036732051
1785157934.21885,1.45119369966183,1.24171086787685,-3.08228163397448
1785157934.31985,1.34996300513064,1.23414083194223,-3.01678163397448
1785157934.41967,1.24939734182367,1.22015861777688,-2.95478163397448
1785157934.52067,1.1510040262213,1.20013243865335,-2.88868163397448
1785157934.62029,1.05416459274977,1.1731755435274,-2.81668163397448
1785157934.72186,0.960492585278667,1.13995382921535,-2.74798163397448
1785157934.82153,0.868368160351269,1.0995016154947,-2.67288163397448
1785157934.92199,0.780104356451559,1.05247010014515,-2.59658163397448
1785157935.03191,0.688590735004655,0.993510244420018,-2.50878163397448
1785157935.14251,0.602203198214133,0.926344944022129,-2.41818163397448
1785157935.25309,0.524383388459909,0.853001287473813,-2.31968163397448
1785157935.36347,0.458819000698356,0.77770057521792,-2.22108163397448
1785157935.47514,0.408074191306787,0.708286706919925,-2.14778163397448
1785157935.5847,0.371333604561836,0.648775693423548,-2.06858163397448
1785157935.69512,0.345828660079187,0.600625320104207,-2.01158163397448
1785157935.80572,0.32626441862003,0.559248173108883,-1.97498163397448
1785157935.91703,0.312083310619594,0.526655407653005,-1.94658163397448
1785157936.02726,0.301534066883425,0.500384526345568,-1.91248163397448
1785157936.13717,0.292829720556631,0.476274259160584,-1.88828163397448
1785157936.24781,0.286762160198284,0.458706730351945,-1.86968163397448
1785157936.36081,0.281733775245714,0.443016831158616,-1.85678163397448
1785157936.46914,0.276696990843628,0.426927220757056,-1.84278163397448
1785157936.57977,0.272705681434454,0.413015023376979,-1.82718163397448
1785157936.6897,0.269787145229117,0.402579300445137,-1.81148163397448
1785157936.80135,0.267393446382615,0.393332211826095,-1.80398163397448
1785157936.91149,0.264785192895344,0.383389828317406,-1.79518163397448
1785157937.02143,0.26226426803586,0.372845778133991,-1.78608163397448
1785157937.13201,0.259955797954764,0.362897095038166,-1.77628163397448
1785157937.24368,0.257753555262863,0.353246095486135,-1.76448163397448
1785157937.35336,0.255655440097776,0.343792851675841,-1.76358163397448
1785157937.46371,0.253655152872369,0.33423758020111,-1.75398163397448
1785157937.57433,0.251648566059825,0.324382525320206,-1.74258163397448
1785157937.68494,0.249727208012687,0.313825875962518,-1.73168163397448
1785157937.79576,0.248033003780589,0.304564088306824,-1.72478163397448
1785157937.9064,0.246547054602123,0.295697812134604,-1.71868163397448
1785157938.01651,0.244842351058131,0.285936385468621,-1.70898163397448
1785157938.12819,0.243447930232207,0.276668298225791,-1.69628163397448
1785157938.23793,0.242047209819146,0.267100427576787,-1.69288163397448
1785157938.34814,0.240642289681329,0.257332701323668,-1.68928163397448
1785157938.45876,0.239324698171295,0.246963308395823,-1.67608163397448
1785157938.57045,0.23812383336235,0.237391238022062,-1.66848163397448
1785157938.68027,0.236906169654375,0.227019745231838,-1.66068163397448
1785157938.79044,0.235771634849426,0.215846730162773,-1.64998163397448
1785157938.89639,0.234762226195082,0.205870748856023,-1.64078163397448
1785157938.99556,0.234361649394725,0.201080513944384,-1.63878163397448
1785157939.09712,0.23437004884424,0.201480225152615,-1.63838163397448
1785157939.19708,0.234349050220452,0.200480947132037,-1.59848163397448
1785157939.29728,0.234390181875903,0.19768086881204,-1.48218163397448
1785157939.39767,0.234921687500002,0.189671945610763,-1.50558163397448
1785157939.49822,0.235125245914877,0.175571626208718,-1.55168163397448
1785157939.60171,0.234982823951245,0.159279194748538,-1.56728163397448
1785157939.69966,0.234549018030954,0.143392774083726,-1.58158163397448
1785157939.80028,0.2343,0.1363,-1.56608163397448
1785157939.90061,0.2343,0.1363,-1.56198163397448
1785157940.00123,0.2343,0.1358,-1.56198163397448
1785157940.10166,0.2343,0.1358,-1.56198163397448
1785157940.20178,0.2343,0.1358,-1.56198163397448
1785157940.30299,0.2343,0.1359,-1.56178163397448
1785157940.40271,0.2343,0.1359,-1.56178163397448
1785157940.50347,0.2343,0.1389,-1.56158163397448
1785157940.60391,0.2341,0.1521,-1.55128163397448
1785157940.70706,0.2339,0.1722,-1.56698163397448
1785157940.80688,0.2338,0.1949,-1.56738163397448
1785157940.90573,0.2338,0.2169,-1.57318163397448
1785157941.00715,0.2339,0.2357,-1.57358163397448
1785157941.10677,0.2338,0.2492,-1.56428163397448
1785157941.20736,0.2338,0.2593,-1.56898163397448
1785157941.30767,0.2338,0.2682,-1.57338163397448
1785157941.40768,0.2338,0.2771,-1.57688163397448
1785157941.50885,0.2338,0.2785,-1.57558163397448
1785157941.60848,0.2338,0.2787,-1.57558163397448
1785157941.70995,0.2338,0.2788,-1.57558163397448
1785157941.80997,0.2339,0.2762,-1.50798163397448
1785157941.91052,0.2345,0.2723,-1.31438163397448
1785157942.01158,0.2357,0.2693,-1.03018163397448
1785157942.11111,0.2354,0.2696,-0.723481633974483
1785157942.21297,0.235,0.27,-0.418081633974483
1785157942.31254,0.2341,0.2702,-0.194481633974482
1785157942.41322,0.2321,0.2705,-0.124181633974483
1785157942.51366,0.232,0.2705,-0.070681633974483
1785157942.61416,0.2311,0.2705,-0.0148816339744826
1785157942.71486,0.2227,0.2707,-0.0261816339744829
1785157942.81493,0.2057,0.2712,-0.0340816339744831
1785157942.91626,0.1821,0.2719,-0.0209816339744826
1785157943.01664,0.1571,0.2723,-0.0127816339744829
1785157943.11731,0.1371,0.2725,0.00641836602551735
1785157943.21727,0.1366,0.2725,0.00911836602551731
1785157943.31773,0.1363,0.2725,0.00761836602551731
1785157943.41967,0.1363,0.2725,0.00741836602551675
1785157943.51883,0.1363,0.2725,0.00741836602551675
1785157943.62008,0.1363,0.2725,0.00741836602551675
1785157943.71973,0.1363,0.2725,0.00741836602551675
1785157943.81971,0.1363,0.2725,0.00741836602551675
1785157943.92278,0.136700238992361,0.272494380120143,0.00721836602551728
1785157944.02223,0.148407229518921,0.272329998634318,-0.0136816339744827
1785157944.12334,0.174412929232637,0.271264288206966,-0.0317816339744831
1785157944.22316,0.21192128506684,0.269736826989447,-0.0169816339744829
1785157944.32357,0.258443448048951,0.268683276963681,-0.00448163397448274
1785157944.42534,0.314678431445639,0.267993743591828,0.00411836602551746
1785157944.5246,0.381624022797876,0.267454057678065,0.00841836602551716
1785157944.62523,0.458678458647159,0.266972589294087,0.00561836602551741
1785157944.72554,0.542036658626127,0.266402607802358,0.0119183660255171
1785157944.8268,0.631912791930605,0.26674190074385,0.0214183660255171
1785157944.93006,0.726297233779002,0.26741820902931,0.0199183660255171
1785157945.02719,0.823882182596322,0.267949498527822,0.0199183660255171
1785157945.12823,0.924770508070586,0.268534483765601,0.0192183660255168
1785157945.22801,1.02596041775908,0.269215313841578,0.0232183660255173
1785157945.32859,1.12705869751928,0.270497907376061,0.0280183660255169
1785157945.42893,1.23016800703103,0.272452819747889,0.0407183660255175
1785157945.5298,1.33330260600213,0.276208807585342,0.0559183660255174
1785157945.63093,1.43555914675986,0.281578396121918,0.0771183660255169
1785157945.73036,1.5364471653535,0.28926902844407,0.101618366025517
1785157945.83103,1.63817640606082,0.299850153701125,0.133018366025517
1785157945.93145,1.73875550870978,0.314050289529,0.171718366025518
1785157946.03229,1.83778985418787,0.332275294799915,0.217918366025517
1785157946.13239,1.93619824483743,0.355813301509364,0.277018366025517
1785157946.23274,2.03128609230986,0.385202542586834,0.347518366025516
1785157946.33436,2.12387916404922,0.422232853738235,0.434518366025518
1785157946.43378,2.21168311069928,0.467436848013199,0.535818366025516
1785157946.53431,2.29391009900497,0.521726302904251,0.650418366025518
1785157946.63461,2.36936362689912,0.585418257295234,0.769418366025517
1785157946.73527,2.43663442808867,0.657932022277108,0.891218366025518
1785157946.83559,2.49490235500941,0.737878001136322,1.00521836602552
1785157946.93834,2.54496648067608,0.825144894365072,1.10741836602552
1785157947.03767,2.58688050082796,0.916429325306416,1.19041836602552
1785157947.1437,2.62309642833793,1.01529972561246,1.26821836602552
1785157947.25409,2.65380033300253,1.12075268786237,1.32531836602552
1785157947.36463,2.67868672257825,1.22528654088931,1.37281836602552
1785157947.47531,2.69767832371705,1.32339799854831,1.40711836602552
1785157947.58783,2.71117146738203,1.40767561463088,1.44051836602552
1785157947.69634,2.7201386516548,1.47610414447556,1.46271836602552
1785157947.80816,2.72629353698258,1.52956024132577,1.47831836602552
1785157947.91723,2.7304913951787,1.57193499559732,1.49281836602552
1785157948.02784,2.73356923344695,1.60581872098085,1.50121836602552
1785157948.13836,2.73564678111492,1.63261084897964,1.50561836602552
1785157948.24892,2.73757930999594,1.65620247000951,1.50801836602552
1785157948.36103,2.73883982692024,1.67469947370657,1.52021836602552
1785157948.47159,2.73997639960705,1.69149686665605,1.51271836602552
1785157948.58125,2.74097778829667,1.70579417087324,1.52151836602552
1785157948.69165,2.74186506753856,1.7190922825795,1.51891836602552
1785157948.80241,2.7426424522426,1.73169138101908,1.52131836602552
1785157948.91229,2.74329589270917,1.7425908687111,1.52481836602552
1785157949.02277,2.74393949838598,1.75278993816648,1.52281836602552
1785157949.13318,2.74447601946487,1.76249011385138,1.52411836602552
1785157949.24379,2.74510698041201,1.77178864557395,1.52871836602552
1785157949.35456,2.74553641689299,1.78098992748836,1.53231836602552
1785157949.46531,2.746068723062,1.79038992392899,1.52951836602552
1785157949.57647,2.74662350875044,1.80139087633906,1.53251836602552
1785157949.68795,2.74716705467916,1.81159135076441,1.53551836602552
1785157949.79719,2.74770357575806,1.82129152644931,1.53521836602552
1785157949.9073,2.7481386321189,1.83089304735608,1.53901836602552
1785157950.01752,2.74857368847974,1.84049456826285,1.53721836602552
1785157950.12861,2.74901576969041,1.85059638791007,1.54021836602552
1785157950.23826,2.74943818132158,1.85929737108403,1.54221836602552
1785157950.34883,2.74949157018022,1.86309964151146,1.57231836602552
1785157950.45937,2.74950000000001,1.8637,1.57761836602552
1785157950.56976,2.7495,1.8637,1.57761836602552
1785157950.67749,2.7495,1.8637,1.57761836602552
1785157950.77883,2.7495,1.8636,1.57761836602552
1785157950.87868,2.7495,1.8636,1.57761836602552
1785157950.9795,2.7495,1.8636,1.57761836602552
1785157951.07822,2.7495,1.8623,1.57571836602552
1785157951.17996,2.7495,1.8497,1.56621836602552
1785157951.27917,2.7491,1.8259,1.54791836602552
1785157951.38085,2.7484,1.7941,1.55411836602552
1785157951.48018,2.748,1.7548,1.56341836602552
1785157951.58067,2.7479,1.707,1.57041836602552
1785157951.68115,2.7477,1.6497,1.56911836602552
1785157951.78161,2.7479,1.5848,1.57861836602552
1785157951.88371,2.7487,1.5885,1.58111836602552
1785157951.98295,2.7496,1.4323,1.58441836602552
1785157952.08602,2.7509,1.3518,1.58921836602552
1785157952.18381,2.7523,1.2803,1.58781836602552
1785157952.28482,2.7529,1.2251,1.57771836602552
1785157952.38457,2.7531,1.1872,1.57561836602552
1785157952.4851,2.7533,1.1635,1.58391836602552
1785157952.58551,2.7535,1.1458,1.58311836602552
1785157952.68651,2.7538,1.1313,1.58701836602552
1785157952.78644,2.7539,1.1191,1.58581836602552
1785157952.88935,2.7541,1.1066,1.58091836602552
1785157952.98817,2.7542,1.0939,1.58121836602552
1785157953.08809,2.7544,1.0818,1.58181836602552
1785157953.18948,2.7545,1.0694,1.57831836602552
1785157953.28905,2.7546,1.0576,1.57601836602552
1785157953.39039,2.7546,1.0452,1.57091836602552
1785157953.49001,2.7546,1.0332,1.57221836602552
1785157953.59179,2.7546,1.0213,1.57211836602552
1785157953.69107,2.7546,1.0093,1.57581836602552
1785157953.79152,2.7547,0.9974,1.57841836602552
1785157953.89229,2.7548,0.986,1.57721836602552
1785157953.99206,2.7548,0.9819,1.57641836602552
1785157954.0945,2.7548,0.9855,1.57771836602552
1785157954.19294,2.7548,0.9863,1.58161836602552
1785157954.29364,2.7548,0.9863,1.58141836602552
1785157954.39399,2.7548,0.9865,1.62551836602552
1785157954.49459,2.7546,0.988,1.80411836602552
1785157954.59504,2.7536,0.9906,2.07771836602552
1785157954.69679,2.7521,0.9925,2.35841836602552
1785157954.79729,2.7498,0.9942,2.63661836602552
1785157954.89689,2.7497,0.9943,2.88291836602552
1785157954.99854,2.7477,0.9946,2.98171836602552
1785157955.09797,2.7465,0.9948,3.02091836602552
1785157955.19888,2.7478,0.9947,3.07771836602552
1785157955.29867,2.7504,0.9946,3.11171836602552
1785157955.40099,2.7609,0.9942,3.08921836602552
1785157955.49986,2.7779,0.9932,3.08491836602552
1785157955.60027,2.8017,0.992,3.09951836602552
1785157955.70227,2.8281,0.991,3.10631836602552
1785157955.80233,2.853,0.9902,3.10861836602552
1785157955.90418,2.8633,0.99,-3.13176694115407
1785157956.00319,2.8637,0.99,-3.13446694115407
1785157956.10366,2.8637,0.99,-3.13446694115407
1785157956.20519,2.8637,0.99,-3.13446694115407
1785157956.30397,2.86359968152468,0.989999792749249,-3.13406694115407
1785157956.4046,2.86359968152468,0.989999792749249,-3.13406694115407
1785157956.50635,2.86359968152468,0.989999792749249,-3.13406694115407
1785157956.60701,2.85577484044934,0.989983627190711,3.13401836602552
1785157956.70738,2.83470713162813,0.990341378434405,3.11341836602552
1785157956.80811,2.80310515389481,0.991078642250596,3.12071836602552
1785157956.90912,2.75946599537627,0.991289443600104,-3.13716694115407
1785157957.00912,2.70399195102916,0.99017164918183,-3.11386694115407
1785157957.11044,2.63658332413041,0.98742409631905,-3.09616694115407
1785157957.20991,2.55914575120969,0.983251359726673,-3.08556694115407
1785157957.31136,2.47508964592653,0.977861122880865,-3.07226694115407
1785157957.41094,2.38551954776327,0.970754073163258,-3.05966694115407
1785157957.51258,2.28993344984177,0.96212981127075,-3.04846694115407
1785157957.61192,2.19254389912269,0.952398315636159,-3.04136694115407
1785157957.71271,2.09234708910051,0.941858469177957,-3.03686694115407
1785157957.8129,1.99044652300382,0.930512551654397,-3.03096694115407
1785157957.91398,1.88995020831093,0.919269854116669,-3.03396694115407
1785157958.01383,1.78634464263521,0.907719776379701,-3.03036694115407
1785157958.11596,1.68153608425861,0.895765937732428,-3.03156694115407
1785157958.21496,1.57833158523344,0.884317007473787,-3.03386694115407
1785157958.31534,1.4760282944802,0.873672490274499,-3.04716694115407
1785157958.41588,1.37372168771494,0.864633068680408,-3.06236694115407
1785157958.51765,1.27161178013608,0.857500112618989,-3.08566694115407
1785157958.61688,1.16939595831163,0.853075548140589,-3.11226694115407
1785157958.71826,1.06928039969574,0.851765208663018,3.13501836602552
1785157958.81832,0.969154685793065,0.855370474476363,3.07321836602552
1785157958.91902,0.870017441840358,0.866100424545273,2.99541836602552
1785157959.01894,0.773069795281754,0.885261686057978,2.90011836602552
1785157959.11991,0.683728114781791,0.913266724456303,2.77661836602552
1785157959.22004,0.602390358229761,0.951721464348447,2.62761836602552
1785157959.32493,0.528549130228024,1.00343378678975,2.44601836602552
1785157959.43544,0.461391727687209,1.07331763906513,2.24131836602552
1785157959.54597,0.408552302768025,1.15657348541603,2.05731836602552
1785157959.65707,0.367934944527675,1.24798041285979,1.93791836602552
1785157959.768,0.335534996732438,1.34361771082874,1.86381836602552
1785157959.87751,0.311380438233631,1.42994238515403,1.82381836602552
1785157959.98801,0.295534913235824,1.57326536252684,1.78351836602552
1785157960.0988,0.284951102282265,1.54906664139401,1.75401836602552
1785157960.20912,0.277946848936906,1.58887877579617,1.72901836602552
1785157960.32177,0.272860252664746,1.62307701334441,1.70891836602552
1785157960.43055,0.269089817115338,1.65145947358356,1.69661836602552
1785157960.54103,0.266437599597786,1.6727216018329,1.68321836602552
1785157960.6514,0.264495694186779,1.69007276029983,1.67091836602552
1785157960.76203,0.262957135184576,1.70642156301652,1.66381836602552
1785157960.87359,0.261625016154036,1.71996186292561,1.66241836602552
1785157960.98411,0.2604953993309,1.73259971105828,1.65691836602552
1785157961.09435,0.259365782507765,1.74523755919095,1.65161836602552
1785157961.20431,0.258438046139782,1.75727391097317,1.64541836602552
1785157961.31619,0.257610835497874,1.76921015153082,1.63971836602552
1785157961.42562,0.256784661109719,1.78064479971184,1.63521836602552
1785157961.53602,0.256059012447639,1.79197933666829,1.63031836602552
1785157961.64665,0.255435962019139,1.80221057764691,1.62611836602552
1785157961.75799,0.254812082587637,1.81284309252684,1.62451836602552
1785157961.86776,0.25428852163146,1.82347581465752,1.62041836602552
1785157961.97917,0.253765996929036,1.83360694441157,1.61861836602552
1785157962.0894,0.253243679477362,1.8436377556903,1.61541836602552
1785157962.20047,0.252925522239096,1.85196356739,1.61501836602552
1785157962.31561,0.252507461027007,1.86008853488831,1.60571836602552
1785157962.42146,0.252503523262747,1.86199458591948,1.59061836602552
1785157962.53155,0.252500621752241,1.86339904457403,1.57951836602552
1785157962.64157,0.252499999999989,1.8637,1.57681836602552
1785157962.75218,0.2525,1.8637,1.57681836602552
1785157962.85868,0.2525,1.8637,1.57681836602552
1785157962.95724,0.2525,1.8637,1.57701836602552
1785157963.05792,0.2525,1.8637,1.57701836602552
1785157963.15838,0.2525,1.8631,1.57501836602552
1785157963.25985,0.2524,1.8547,1.55391836602552
1785157963.36003,0.2521,1.8398,1.55501836602552
1785157963.45975,0.2519,1.8188,1.56631836602552
1785157963.56178,0.252,1.7969,1.57461836602552
1785157963.66108,0.252,1.7761,1.57691836602552
1785157963.7625,0.2522,1.7608,1.57811836602552
1785157963.86203,0.2522,1.7494,1.57921836602552
1785157963.96263,0.2524,1.7394,1.58271836602552
1785157964.06245,0.2524,1.7315,1.58391836602552
1785157964.16302,0.2524,1.7318,1.58391836602552
1785157964.26479,0.2524,1.7329,1.58351836602552
1785157964.36403,0.2524,1.7329,1.58351836602552
1785157964.4645,0.2524,1.7333,1.60391836602552
1785157964.56484,0.2524,1.7334,1.75391836602552
1785157964.66572,0.2524,1.7332,2.03701836602552
1785157964.76578,0.2527,1.7329,2.34001836602552
1785157964.86709,0.2534,1.7324,2.64891836602552
1785157964.96782,0.2544,1.732,2.91231836602552
1785157965.06761,0.2548,1.732,3.02301836602552
1785157965.16856,0.2545,1.732,3.06811836602552
1785157965.26823,0.2548,1.732,3.12391836602552
1785157965.3693,0.2464,1.732,3.13121836602552
1785157965.46924,0.2244,1.7324,3.12061836602552
1785157965.56957,0.1985,1.733,3.11891836602552
1785157965.6717,0.1739,1.7335,3.11981836602552
1785157965.77108,0.1489,1.7341,3.11601836602552
1785157965.87159,0.1363,1.7344,-3.13816694115407
1785157965.97218,0.1363,1.7344,-3.13806694115407
